Congestion Block ID,Freeway-Directio-N,Number of Sensor,Start Sensor,End Sensor,Distance (km),Start Time,End Time,Duration (Minutes)
1,101-N,3,402361,401890,1.528873,30/5/2017 7:10,30/5/2017 7:20,10
2,101-N,17,400863,404522,12.5045718,30/5/2017 7:35,30/5/2017 10:50,195
3,101-N,3,402361,401890,1.528873,30/5/2017 8:20,30/5/2017 8:45,25
4,101-N,3,402361,401890,1.528873,31/5/2017 6:30,31/5/2017 7:25,55
5,101-N,9,400227,402368,6.3086128,31/5/2017 7:20,31/5/2017 10:25,185
6,101-N,13,402361,400760,9.3663588,31/5/2017 7:25,31/5/2017 10:15,170
7,101-N,13,402361,400760,9.3663588,1/6/2017 6:20,1/6/2017 9:45,205
8,101-N,5,400227,400246,3.8141358,1/6/2017 7:35,1/6/2017 7:45,10
9,101-N,12,400227,401997,8.5455954,1/6/2017 7:35,1/6/2017 10:15,160
10,101-N,3,402361,401890,1.528873,2/6/2017 7:05,2/6/2017 7:30,25
11,101-N,2,400168,400790,1.0138842,2/6/2017 7:40,2/6/2017 7:50,10
12,101-N,5,402361,400668,2.9611856,2/6/2017 8:05,2/6/2017 9:00,55
13,101-N,3,400168,402368,1.7380872,2/6/2017 8:40,2/6/2017 10:00,80
14,101-N,3,400227,400353,2.7519714,2/6/2017 9:05,2/6/2017 9:25,20
15,101-N,2,400911,400760,1.5127796,2/6/2017 9:20,2/6/2017 9:35,15
16,101-N,5,402361,400668,2.9611856,3/6/2017 15:20,3/6/2017 16:30,70
17,101-N,26,402361,401997,18.4913166,5/6/2017 7:35,5/6/2017 10:40,185
18,101-N,3,402372,401948,2.092142,5/6/2017 8:35,5/6/2017 8:55,20
19,101-N,3,402361,401890,1.528873,6/6/2017 6:45,6/6/2017 7:25,40
20,101-N,9,400965,400227,6.839695,6/6/2017 7:35,6/6/2017 10:40,185
21,101-N,5,400246,402368,2.9933724,6/6/2017 7:45,6/6/2017 10:15,150
22,101-N,5,402361,400668,2.9611856,6/6/2017 7:55,6/6/2017 8:50,55
23,101-N,5,400227,400246,3.8141358,7/6/2017 6:30,7/6/2017 7:25,55
24,101-N,25,402361,401996,17.300405,7/6/2017 6:50,7/6/2017 10:55,245
25,101-N,2,400168,400790,1.0138842,8/6/2017 7:30,8/6/2017 7:40,10
26,101-N,5,400227,400246,3.8141358,8/6/2017 7:35,8/6/2017 7:50,15
27,101-N,3,400863,400760,2.2047958,8/6/2017 7:45,8/6/2017 8:05,20
28,101-N,2,400168,400790,1.0138842,8/6/2017 8:15,8/6/2017 9:05,50
29,101-N,5,400168,401996,2.7841582,8/6/2017 9:30,8/6/2017 10:00,30
30,101-N,2,401534,401948,1.4323126,8/6/2017 18:00,8/6/2017 18:10,10
31,101-N,2,401534,401948,1.4323126,9/6/2017 7:25,9/6/2017 7:45,20
32,101-N,3,402370,401997,2.2369826,9/6/2017 7:30,9/6/2017 7:55,25
33,101-N,3,400168,402368,1.7380872,9/6/2017 7:35,9/6/2017 8:05,30
34,101-N,5,400227,400246,3.8141358,9/6/2017 7:40,9/6/2017 8:05,25
35,101-N,2,401534,401948,1.4323126,9/6/2017 17:35,9/6/2017 17:45,10
36,101-N,3,402372,401948,2.092142,12/6/2017 7:15,12/6/2017 7:30,15
37,101-N,12,400227,401997,8.5455954,12/6/2017 7:25,12/6/2017 9:45,140
38,101-N,3,402372,401948,2.092142,12/6/2017 8:10,12/6/2017 9:00,50
39,101-N,15,402361,400227,11.104446,13/6/2017 6:35,13/6/2017 10:55,260
40,101-N,25,400400,401997,18.0407014,13/6/2017 7:20,13/6/2017 10:55,215
41,101-N,2,401534,401948,1.4323126,13/6/2017 8:10,13/6/2017 8:20,10
42,101-N,3,402361,401890,1.528873,14/6/2017 6:50,14/6/2017 7:35,45
43,101-N,5,404753,400760,3.3313338,14/6/2017 7:30,14/6/2017 9:40,130
44,101-N,9,400227,402368,6.3086128,14/6/2017 7:30,14/6/2017 10:05,155
45,101-N,15,402361,400227,11.104446,15/6/2017 6:25,15/6/2017 10:25,240
46,101-N,10,400353,401997,6.276426,15/6/2017 7:25,15/6/2017 10:15,170
47,101-N,2,401534,401948,1.4323126,15/6/2017 8:15,15/6/2017 8:35,20
48,101-N,7,400168,404522,5.149888,15/6/2017 18:30,15/6/2017 19:40,70
49,101-N,2,402372,401534,1.4001258,15/6/2017 18:55,15/6/2017 19:35,40
50,101-N,3,402361,401890,1.528873,16/6/2017 6:40,16/6/2017 6:50,10
51,101-N,2,400168,400790,1.0138842,16/6/2017 9:20,16/6/2017 9:45,25
52,101-N,5,401890,400965,4.667086,17/6/2017 10:55,17/6/2017 11:15,20
53,101-N,5,402361,400668,2.9611856,19/6/2017 6:40,19/6/2017 8:45,125
54,101-N,3,402372,401948,2.092142,19/6/2017 6:40,19/6/2017 7:05,25
55,101-N,11,400227,401996,7.3546838,19/6/2017 7:15,19/6/2017 10:40,205
56,101-N,7,400965,400760,5.1016078,19/6/2017 7:40,19/6/2017 10:50,190
57,101-N,2,401534,401948,1.4323126,19/6/2017 8:40,19/6/2017 9:10,30
58,101-N,26,402361,401997,18.4913166,20/6/2017 6:30,20/6/2017 11:00,270
59,101-N,23,402361,402368,16.254334,21/6/2017 6:40,21/6/2017 10:50,250
60,101-N,2,401534,401948,1.4323126,21/6/2017 18:20,21/6/2017 18:55,35
61,101-N,25,402361,401996,17.300405,22/6/2017 6:45,22/6/2017 10:50,245
62,101-N,4,402372,401507,2.6875978,22/6/2017 8:30,22/6/2017 8:50,20
63,101-N,3,402361,401890,1.528873,23/6/2017 6:45,23/6/2017 7:05,20
64,101-N,3,402361,401890,1.528873,23/6/2017 7:50,23/6/2017 8:25,35
65,101-N,3,402372,401948,2.092142,23/6/2017 8:35,23/6/2017 8:45,10
66,101-N,3,400863,400760,2.2047958,23/6/2017 8:45,23/6/2017 8:55,10
67,101-N,3,400168,402368,1.7380872,23/6/2017 9:10,23/6/2017 10:10,60
68,101-N,3,400353,400246,1.5449664,23/6/2017 9:25,23/6/2017 10:00,35
69,101-N,3,402361,401890,1.528873,26/6/2017 7:30,26/6/2017 7:40,10
70,101-N,7,400353,402368,4.0394434,26/6/2017 7:45,26/6/2017 10:05,140
71,101-N,5,402361,400668,2.9611856,26/6/2017 8:10,26/6/2017 9:00,50
72,101-N,3,400863,400760,2.2047958,26/6/2017 9:25,26/6/2017 9:40,15
73,101-N,5,402361,400668,2.9611856,27/6/2017 6:25,27/6/2017 8:40,135
74,101-N,2,400168,400790,1.0138842,27/6/2017 7:30,27/6/2017 7:40,10
75,101-N,17,400965,402368,11.989583,27/6/2017 7:35,27/6/2017 10:30,175
76,101-N,2,402361,400400,0.9334172,28/6/2017 7:20,28/6/2017 7:40,20
77,101-N,3,400863,400760,2.2047958,28/6/2017 7:35,28/6/2017 7:50,15
78,101-N,9,400227,402368,6.3086128,28/6/2017 8:00,28/6/2017 10:05,125
79,101-N,3,402361,401890,1.528873,28/6/2017 8:05,28/6/2017 8:35,30
80,101-N,2,401996,401997,1.7541806,28/6/2017 8:15,28/6/2017 8:45,30
81,101-N,2,401534,401948,1.4323126,28/6/2017 8:20,28/6/2017 9:00,40
82,101-N,7,400965,400760,5.1016078,28/6/2017 8:50,28/6/2017 9:50,60
83,101-N,3,400863,400760,2.2047958,29/6/2017 7:35,29/6/2017 7:50,15
84,101-N,12,400227,401997,8.5455954,29/6/2017 7:40,29/6/2017 10:15,155
85,101-N,5,402361,400668,2.9611856,29/6/2017 8:20,29/6/2017 8:40,20
86,101-N,2,401534,401948,1.4323126,29/6/2017 8:30,29/6/2017 8:55,25
87,101-N,3,400863,400760,2.2047958,29/6/2017 8:45,29/6/2017 10:10,85
88,101-S,2,402373,400435,1.4966862,25/5/2017 17:50,25/5/2017 18:00,10
89,101-S,11,400643,400394,9.414639,25/5/2017 17:50,25/5/2017 20:15,145
90,101-S,2,401891,401906,1.8829278,25/5/2017 17:50,25/5/2017 18:30,40
91,101-S,2,400743,400330,0.8207634,25/5/2017 18:15,25/5/2017 18:50,35
92,101-S,2,401891,401906,1.8829278,25/5/2017 21:00,25/5/2017 21:55,55
93,101-S,11,400643,400394,9.414639,26/5/2017 12:20,26/5/2017 18:50,390
94,101-S,3,400895,400172,3.4922678,30/5/2017 14:20,30/5/2017 14:40,20
95,101-S,18,400545,400394,12.9069068,30/5/2017 14:40,30/5/2017 19:25,285
96,101-S,14,404553,400394,10.863045,31/5/2017 13:45,31/5/2017 19:55,370
97,101-S,2,400743,400330,0.8207634,31/5/2017 17:15,31/5/2017 18:05,50
98,101-S,2,401891,401906,1.8829278,31/5/2017 17:40,31/5/2017 19:40,120
99,101-S,3,402373,404554,2.1404222,31/5/2017 17:45,31/5/2017 17:55,10
100,101-S,2,400743,400330,0.8207634,31/5/2017 18:20,31/5/2017 18:35,15
101,101-S,14,404553,400394,10.863045,1/6/2017 13:50,1/6/2017 19:50,360
102,101-S,6,402373,400330,3.5727348,1/6/2017 17:15,1/6/2017 18:30,75
103,101-S,11,400643,400394,9.414639,2/6/2017 13:40,2/6/2017 19:30,350
104,101-S,2,401891,401906,1.8829278,2/6/2017 14:15,2/6/2017 14:45,30
105,101-S,11,400643,400394,9.414639,5/6/2017 14:10,5/6/2017 19:50,340
106,101-S,2,401891,401906,1.8829278,5/6/2017 17:10,5/6/2017 17:50,40
107,101-S,2,400743,400330,0.8207634,5/6/2017 17:20,5/6/2017 18:25,65
108,101-S,2,400435,404554,1.3196588,5/6/2017 17:45,5/6/2017 18:05,20
109,101-S,11,400643,400394,9.414639,6/6/2017 14:05,6/6/2017 20:00,355
110,101-S,2,400743,400330,0.8207634,6/6/2017 17:10,6/6/2017 18:55,105
111,101-S,3,401926,401937,0.9495106,6/6/2017 17:35,6/6/2017 18:10,35
112,101-S,3,402373,404554,2.1404222,6/6/2017 17:55,6/6/2017 18:05,10
113,101-S,14,404553,400394,10.863045,7/6/2017 14:05,7/6/2017 20:05,360
114,101-S,2,400743,400330,0.8207634,7/6/2017 16:55,7/6/2017 18:35,100
115,101-S,3,402373,404554,2.1404222,7/6/2017 17:25,7/6/2017 18:00,35
116,101-S,3,401926,401937,0.9495106,7/6/2017 17:35,7/6/2017 17:50,15
117,101-S,11,400643,400394,9.414639,8/6/2017 14:05,8/6/2017 19:55,350
118,101-S,2,400743,400330,0.8207634,8/6/2017 17:30,8/6/2017 18:00,30
119,101-S,3,400895,400172,3.4922678,9/6/2017 13:05,9/6/2017 13:25,20
120,101-S,11,400643,400394,9.414639,9/6/2017 13:40,9/6/2017 19:30,350
121,101-S,11,400643,400394,9.414639,12/6/2017 14:15,12/6/2017 19:30,315
122,101-S,2,400743,400330,0.8207634,12/6/2017 17:15,12/6/2017 18:40,85
123,101-S,3,402373,404554,2.1404222,12/6/2017 17:25,12/6/2017 17:40,15
124,101-S,11,400643,400394,9.414639,13/6/2017 13:55,13/6/2017 20:30,395
125,101-S,2,400743,400330,0.8207634,13/6/2017 17:20,13/6/2017 19:00,100
126,101-S,2,400435,404554,1.3196588,13/6/2017 18:25,13/6/2017 18:40,15
127,101-S,14,404553,400394,10.863045,14/6/2017 14:00,14/6/2017 20:15,375
128,101-S,2,400743,400330,0.8207634,14/6/2017 17:20,14/6/2017 18:30,70
129,101-S,14,404553,400394,10.863045,15/6/2017 14:05,15/6/2017 20:00,355
130,101-S,2,401891,401906,1.8829278,15/6/2017 17:05,15/6/2017 17:40,35
131,101-S,2,400743,400330,0.8207634,15/6/2017 17:25,15/6/2017 18:05,40
132,101-S,2,402373,400435,1.4966862,15/6/2017 18:10,15/6/2017 18:45,35
133,101-S,11,400643,400394,9.414639,16/6/2017 12:55,16/6/2017 19:05,370
134,101-S,11,400643,400394,9.414639,19/6/2017 14:10,19/6/2017 19:45,335
135,101-S,2,400743,400330,0.8207634,19/6/2017 17:20,19/6/2017 18:10,50
136,101-S,11,400643,400394,9.414639,20/6/2017 13:55,20/6/2017 20:30,395
137,101-S,3,401926,401937,0.9495106,20/6/2017 17:20,20/6/2017 17:55,35
138,101-S,6,402373,400330,3.5727348,20/6/2017 17:20,20/6/2017 19:00,100
139,101-S,14,404553,400394,10.863045,21/6/2017 13:55,21/6/2017 20:40,405
140,101-S,3,401926,401937,0.9495106,21/6/2017 17:15,21/6/2017 18:05,50
141,101-S,6,402373,400330,3.5727348,21/6/2017 17:20,21/6/2017 19:30,130
142,101-S,11,400643,400394,9.414639,22/6/2017 13:55,22/6/2017 20:15,380
143,101-S,2,400743,400330,0.8207634,22/6/2017 17:20,22/6/2017 17:40,20
144,101-S,2,400743,400330,0.8207634,22/6/2017 18:05,22/6/2017 18:55,50
145,101-S,14,404553,400394,10.863045,23/6/2017 13:15,23/6/2017 19:50,395
146,101-S,3,400545,400330,1.4323126,24/6/2017 12:45,24/6/2017 13:05,20
147,101-S,11,400643,400394,9.414639,26/6/2017 14:10,26/6/2017 19:35,325
148,101-S,2,400743,400330,0.8207634,26/6/2017 16:10,26/6/2017 16:45,35
149,101-S,2,400743,400330,0.8207634,26/6/2017 17:25,26/6/2017 18:25,60
150,101-S,3,402373,404554,2.1404222,26/6/2017 17:45,26/6/2017 17:55,10
151,101-S,2,401891,401906,1.8829278,26/6/2017 18:00,26/6/2017 18:15,15
152,101-S,17,400743,400394,12.2953576,27/6/2017 14:05,27/6/2017 20:10,365
153,101-S,3,401926,401937,0.9495106,27/6/2017 17:35,27/6/2017 18:00,25
154,101-S,3,402373,404554,2.1404222,27/6/2017 17:40,27/6/2017 18:25,45
155,101-S,2,400643,400794,0.9495106,28/6/2017 10:05,28/6/2017 10:20,15
156,101-S,14,404553,400394,10.863045,28/6/2017 13:50,28/6/2017 20:20,390
157,101-S,2,400743,400330,0.8207634,28/6/2017 17:45,28/6/2017 19:05,80
158,101-S,3,402373,404554,2.1404222,28/6/2017 17:55,28/6/2017 18:55,60
159,101-S,14,404553,400394,10.863045,29/6/2017 14:00,29/6/2017 20:20,380
160,101-S,2,400743,400330,0.8207634,29/6/2017 17:30,29/6/2017 18:05,35
161,101-S,3,402373,404554,2.1404222,29/6/2017 17:45,29/6/2017 17:55,10
162,101-S,3,400895,400172,3.4922678,30/6/2017 12:20,30/6/2017 12:55,35
163,101-S,11,400643,400394,9.414639,30/6/2017 13:20,30/6/2017 19:10,350
164,101-S,2,402373,400435,1.4966862,30/6/2017 15:20,30/6/2017 15:35,15
165,17-N,3,403329,400221,3.8141358,30/5/2017 8:30,30/5/2017 8:50,20
166,17-N,3,403329,400221,3.8141358,21/6/2017 10:55,21/6/2017 11:10,15
167,17-S,4,400298,400832,5.1981682,26/5/2017 13:05,26/5/2017 17:05,240
168,17-S,3,400278,400832,3.4278942,27/5/2017 9:25,27/5/2017 12:30,185
169,17-S,2,400073,400832,1.1426314,27/5/2017 13:35,27/5/2017 13:50,15
170,17-S,2,400073,400832,1.1426314,27/5/2017 14:35,27/5/2017 14:50,15
171,17-S,3,400278,400832,3.4278942,28/5/2017 9:45,28/5/2017 11:15,90
172,17-S,3,400278,400832,3.4278942,28/5/2017 11:35,28/5/2017 14:55,200
173,17-S,2,400073,400832,1.1426314,29/5/2017 10:30,29/5/2017 12:15,105
174,17-S,4,400298,400832,5.1981682,2/6/2017 14:10,2/6/2017 17:10,180
175,17-S,2,400073,400832,1.1426314,3/6/2017 9:30,3/6/2017 13:00,210
176,17-S,4,400298,400832,5.1981682,6/6/2017 18:40,6/6/2017 19:40,60
177,17-S,3,400278,400832,3.4278942,8/6/2017 15:10,8/6/2017 18:50,220
178,17-S,2,400073,400832,1.1426314,9/6/2017 15:45,9/6/2017 16:00,15
179,17-S,2,400073,400832,1.1426314,10/6/2017 10:30,10/6/2017 14:20,230
180,17-S,3,400278,400832,3.4278942,15/6/2017 16:30,15/6/2017 16:45,15
181,17-S,2,400073,400832,1.1426314,16/6/2017 11:05,16/6/2017 17:15,370
182,17-S,3,400278,400832,3.4278942,17/6/2017 8:45,17/6/2017 16:10,445
183,17-S,3,400278,400832,3.4278942,18/6/2017 9:00,18/6/2017 11:20,140
184,17-S,3,400278,400832,3.4278942,18/6/2017 11:55,18/6/2017 14:05,130
185,17-S,3,400278,400832,3.4278942,20/6/2017 12:15,20/6/2017 12:35,20
186,17-S,3,400278,400832,3.4278942,20/6/2017 14:50,20/6/2017 15:05,15
187,17-S,3,400278,400832,3.4278942,20/6/2017 17:30,20/6/2017 17:50,20
188,17-S,3,400278,400832,3.4278942,21/6/2017 14:30,21/6/2017 14:55,25
189,17-S,3,400278,400832,3.4278942,22/6/2017 10:55,22/6/2017 15:35,280
190,17-S,3,400278,400832,3.4278942,22/6/2017 16:25,22/6/2017 16:35,10
191,17-S,3,400278,400832,3.4278942,23/6/2017 12:35,23/6/2017 16:55,260
192,17-S,3,400278,400832,3.4278942,24/6/2017 9:00,24/6/2017 13:25,265
193,17-S,3,400278,400832,3.4278942,24/6/2017 14:05,24/6/2017 14:50,45
194,17-S,3,400278,400832,3.4278942,25/6/2017 11:15,25/6/2017 15:00,225
195,17-S,3,400278,400832,3.4278942,26/6/2017 14:35,26/6/2017 15:10,35
196,17-S,3,400278,400832,3.4278942,27/6/2017 14:50,27/6/2017 15:00,10
197,17-S,3,400278,400832,3.4278942,28/6/2017 6:35,28/6/2017 9:30,175
198,17-S,3,400278,400832,3.4278942,28/6/2017 9:50,28/6/2017 10:00,10
199,17-S,3,400278,400832,3.4278942,28/6/2017 10:15,28/6/2017 10:50,35
200,17-S,3,400278,400832,3.4278942,28/6/2017 11:55,28/6/2017 13:05,70
201,17-S,3,400278,400832,3.4278942,28/6/2017 13:55,28/6/2017 14:05,10
202,17-S,3,400278,400832,3.4278942,28/6/2017 14:25,28/6/2017 16:05,100
203,17-S,3,400278,400832,3.4278942,28/6/2017 16:20,28/6/2017 17:00,40
204,17-S,3,400278,400832,3.4278942,28/6/2017 17:25,28/6/2017 17:35,10
205,17-S,3,400278,400832,3.4278942,28/6/2017 17:55,28/6/2017 18:05,10
206,17-S,3,400278,400832,3.4278942,29/6/2017 15:55,29/6/2017 16:05,10
207,17-S,2,400278,400073,3.0416526,30/6/2017 13:15,30/6/2017 13:25,10
208,17-S,3,400278,400832,3.4278942,30/6/2017 13:40,30/6/2017 14:40,60
209,237-E,5,404585,400104,9.816974,25/5/2017 17:50,25/5/2017 19:35,105
210,237-E,3,400973,400104,3.379614,30/5/2017 14:55,30/5/2017 15:05,10
211,237-E,5,404585,400104,9.816974,30/5/2017 15:20,30/5/2017 19:35,255
212,237-E,6,404585,400296,10.6699242,31/5/2017 14:25,31/5/2017 19:45,320
213,237-E,5,404585,400104,9.816974,1/6/2017 14:30,1/6/2017 19:35,305
214,237-E,6,404585,400296,10.6699242,2/6/2017 14:30,2/6/2017 19:05,275
215,237-E,3,400973,400104,3.379614,5/6/2017 14:55,5/6/2017 15:25,30
216,237-E,6,404585,400296,10.6699242,5/6/2017 16:25,5/6/2017 19:35,190
217,237-E,6,404585,400296,10.6699242,6/6/2017 14:30,6/6/2017 19:55,325
218,237-E,6,404585,400296,10.6699242,7/6/2017 14:25,7/6/2017 19:45,320
219,237-E,6,404585,400296,10.6699242,8/6/2017 14:10,8/6/2017 19:20,310
220,237-E,4,400970,400104,5.1659814,9/6/2017 14:15,9/6/2017 18:55,280
221,237-E,6,404585,400296,10.6699242,12/6/2017 14:40,12/6/2017 19:25,285
222,237-E,6,404585,400296,10.6699242,13/6/2017 14:30,13/6/2017 20:00,330
223,237-E,6,404585,400296,10.6699242,14/6/2017 14:30,14/6/2017 19:55,325
224,237-E,6,404585,400296,10.6699242,15/6/2017 14:20,15/6/2017 19:50,330
225,237-E,4,400970,400104,5.1659814,16/6/2017 14:40,16/6/2017 18:55,255
226,237-E,6,404585,400296,10.6699242,19/6/2017 14:30,19/6/2017 19:30,300
227,237-E,6,404585,400296,10.6699242,20/6/2017 14:45,20/6/2017 19:55,310
228,237-E,7,404585,400873,14.805928,21/6/2017 14:30,21/6/2017 20:05,335
229,237-E,7,404585,400873,14.805928,22/6/2017 14:20,22/6/2017 19:55,335
230,237-E,5,404585,400104,9.816974,23/6/2017 13:55,23/6/2017 18:55,300
231,237-E,3,400973,400104,3.379614,26/6/2017 14:35,26/6/2017 15:40,65
232,237-E,5,404585,400104,9.816974,26/6/2017 16:25,26/6/2017 19:30,185
233,237-E,4,400970,400104,5.1659814,27/6/2017 14:30,27/6/2017 15:55,85
234,237-E,5,404585,400104,9.816974,27/6/2017 16:45,27/6/2017 20:00,195
235,237-E,5,404585,400104,9.816974,28/6/2017 14:30,28/6/2017 20:15,345
236,237-E,6,404585,400296,10.6699242,29/6/2017 14:25,29/6/2017 20:00,335
237,237-E,5,400970,400296,6.0189316,30/6/2017 14:10,30/6/2017 18:30,260
238,237-W,5,400274,401351,8.0949802,25/5/2017 17:50,25/5/2017 18:20,30
239,237-W,2,400274,400687,1.6254334,30/5/2017 7:40,30/5/2017 7:55,15
240,237-W,2,400274,400687,1.6254334,30/5/2017 8:35,30/5/2017 10:45,130
241,237-W,4,413845,400449,6.7914148,30/5/2017 9:20,30/5/2017 10:40,80
242,237-W,3,404586,401351,6.4695468,30/5/2017 17:20,30/5/2017 18:05,45
243,237-W,2,400274,400687,1.6254334,31/5/2017 7:25,31/5/2017 9:25,120
244,237-W,2,400274,400687,1.6254334,31/5/2017 10:10,31/5/2017 10:45,35
245,237-W,5,400274,401351,8.0949802,31/5/2017 17:05,31/5/2017 18:15,70
246,237-W,2,400274,400687,1.6254334,1/6/2017 8:20,1/6/2017 8:45,25
247,237-W,5,400274,401351,8.0949802,1/6/2017 17:10,1/6/2017 18:25,75
248,237-W,4,400274,400581,3.7980424,2/6/2017 16:10,2/6/2017 17:10,60
249,237-W,2,400274,400687,1.6254334,3/6/2017 16:10,3/6/2017 17:00,50
250,237-W,2,400274,400687,1.6254334,5/6/2017 7:20,5/6/2017 8:50,90
251,237-W,2,400274,400687,1.6254334,5/6/2017 9:45,5/6/2017 10:35,50
252,237-W,5,400274,401351,8.0949802,5/6/2017 17:10,5/6/2017 18:10,60
253,237-W,2,400274,400687,1.6254334,6/6/2017 7:25,6/6/2017 8:45,80
254,237-W,2,400581,401351,5.3591022,6/6/2017 17:40,6/6/2017 17:55,15
255,237-W,2,400274,400687,1.6254334,7/6/2017 7:15,7/6/2017 10:00,165
256,237-W,3,413845,401014,5.713157,7/6/2017 10:15,7/6/2017 11:10,55
257,237-W,5,400274,401351,8.0949802,7/6/2017 17:30,7/6/2017 18:30,60
258,237-W,2,400274,400687,1.6254334,8/6/2017 7:25,8/6/2017 7:35,10
259,237-W,2,400274,400687,1.6254334,8/6/2017 9:05,8/6/2017 9:40,35
260,237-W,2,404586,400581,2.172609,8/6/2017 17:30,8/6/2017 17:45,15
261,237-W,2,400274,400687,1.6254334,9/6/2017 8:00,9/6/2017 8:10,10
262,237-W,2,400274,400687,1.6254334,12/6/2017 7:35,12/6/2017 9:10,95
263,237-W,5,400274,401351,8.0949802,12/6/2017 17:15,12/6/2017 18:15,60
264,237-W,2,400274,400687,1.6254334,13/6/2017 7:15,13/6/2017 9:25,130
265,237-W,3,413845,401014,5.713157,13/6/2017 8:20,13/6/2017 9:50,90
266,237-W,5,400274,401351,8.0949802,13/6/2017 17:15,13/6/2017 19:20,125
267,237-W,2,400274,400687,1.6254334,14/6/2017 8:25,14/6/2017 9:45,80
268,237-W,4,400274,400581,3.7980424,14/6/2017 17:00,14/6/2017 18:55,115
269,237-W,2,400274,400687,1.6254334,15/6/2017 7:20,15/6/2017 7:55,35
270,237-W,2,400274,400687,1.6254334,15/6/2017 8:35,15/6/2017 10:20,105
271,237-W,4,400274,400581,3.7980424,15/6/2017 16:50,15/6/2017 19:50,180
272,237-W,2,400274,400687,1.6254334,19/6/2017 7:15,19/6/2017 10:05,170
273,237-W,2,404586,400581,2.172609,19/6/2017 17:20,19/6/2017 18:15,55
274,237-W,2,400274,400687,1.6254334,20/6/2017 6:45,20/6/2017 8:00,75
275,237-W,2,400274,400687,1.6254334,20/6/2017 8:15,20/6/2017 10:00,105
276,237-W,4,400687,401351,7.0971894,20/6/2017 17:15,20/6/2017 18:30,75
277,237-W,3,413845,401014,5.713157,21/6/2017 7:30,21/6/2017 8:55,85
278,237-W,2,400274,400687,1.6254334,21/6/2017 7:50,21/6/2017 9:40,110
279,237-W,2,413845,400158,4.8602068,21/6/2017 9:10,21/6/2017 9:20,10
280,237-W,3,413845,401014,5.713157,21/6/2017 9:55,21/6/2017 10:55,60
281,237-W,2,400274,400687,1.6254334,21/6/2017 9:55,21/6/2017 10:20,25
282,237-W,5,400274,401351,8.0949802,21/6/2017 17:20,21/6/2017 18:05,45
283,237-W,2,400274,400687,1.6254334,22/6/2017 6:55,22/6/2017 9:20,145
284,237-W,3,413845,401014,5.713157,22/6/2017 7:40,22/6/2017 11:00,200
285,237-W,2,400274,400687,1.6254334,22/6/2017 9:35,22/6/2017 10:00,25
286,237-W,4,400274,400581,3.7980424,22/6/2017 17:05,22/6/2017 18:25,80
287,237-W,2,400274,400687,1.6254334,23/6/2017 7:55,23/6/2017 8:10,15
288,237-W,2,400158,401014,1.4805928,23/6/2017 8:55,23/6/2017 10:10,75
289,237-W,2,400274,400687,1.6254334,23/6/2017 9:30,23/6/2017 10:45,75
290,237-W,5,400274,401351,8.0949802,23/6/2017 16:40,23/6/2017 17:45,65
291,237-W,2,400274,400687,1.6254334,26/6/2017 7:35,26/6/2017 8:00,25
292,237-W,2,400274,400687,1.6254334,26/6/2017 8:20,26/6/2017 9:05,45
293,237-W,3,400687,400581,2.8002516,26/6/2017 17:10,26/6/2017 18:20,70
294,237-W,2,400274,400687,1.6254334,27/6/2017 7:35,27/6/2017 7:45,10
295,237-W,2,400274,400687,1.6254334,27/6/2017 8:25,27/6/2017 8:50,25
296,237-W,2,400274,400687,1.6254334,27/6/2017 9:25,27/6/2017 10:10,45
297,237-W,3,404586,401351,6.4695468,27/6/2017 17:30,27/6/2017 18:20,50
298,237-W,2,400274,400687,1.6254334,28/6/2017 7:55,28/6/2017 9:55,120
299,237-W,2,404586,400581,2.172609,28/6/2017 17:40,28/6/2017 18:10,30
300,237-W,2,400274,400687,1.6254334,29/6/2017 6:55,29/6/2017 9:10,135
301,237-W,2,404586,400581,2.172609,29/6/2017 17:30,29/6/2017 18:00,30
302,280-N,3,401403,401808,1.3357522,26/5/2017 6:35,26/5/2017 6:50,15
303,280-N,8,414694,400560,9.6399466,30/5/2017 6:55,30/5/2017 10:20,205
304,280-N,3,401403,401808,1.3357522,30/5/2017 7:50,30/5/2017 8:35,45
305,280-N,6,401403,400953,2.9933724,30/5/2017 10:25,30/5/2017 11:25,60
306,280-N,3,401403,401808,1.3357522,30/5/2017 15:20,30/5/2017 16:00,40
307,280-N,8,414694,400560,9.6399466,31/5/2017 6:45,31/5/2017 10:15,210
308,280-N,3,401403,401808,1.3357522,31/5/2017 7:40,31/5/2017 9:20,100
309,280-N,9,413877,400560,10.4928968,1/6/2017 6:40,1/6/2017 9:50,190
310,280-N,3,401403,401808,1.3357522,1/6/2017 6:50,1/6/2017 9:00,130
311,280-N,6,401167,400414,6.5500138,2/6/2017 6:50,2/6/2017 8:10,80
312,280-N,3,401403,401808,1.3357522,2/6/2017 9:05,2/6/2017 10:10,65
313,280-N,6,401403,400953,2.9933724,2/6/2017 12:15,2/6/2017 13:00,45
314,280-N,3,401403,401808,1.3357522,3/6/2017 10:10,3/6/2017 10:20,10
315,280-N,3,401403,401808,1.3357522,3/6/2017 15:55,3/6/2017 16:15,20
316,280-N,9,413877,400560,10.4928968,5/6/2017 6:45,5/6/2017 10:05,200
317,280-N,3,401403,401808,1.3357522,5/6/2017 7:45,5/6/2017 9:00,75
318,280-N,4,401403,403402,2.172609,5/6/2017 12:35,5/6/2017 13:00,25
319,280-N,2,414284,401942,0.5954558,5/6/2017 14:20,5/6/2017 14:40,20
320,280-N,9,413877,400560,10.4928968,6/6/2017 6:45,6/6/2017 10:05,200
321,280-N,3,401403,401808,1.3357522,6/6/2017 6:55,6/6/2017 9:25,150
322,280-N,3,401403,401808,1.3357522,6/6/2017 9:55,6/6/2017 10:50,55
323,280-N,10,413877,400499,12.0861434,7/6/2017 6:40,7/6/2017 10:35,235
324,280-N,3,401403,401808,1.3357522,7/6/2017 6:50,7/6/2017 10:20,210
325,280-N,8,414694,400560,9.6399466,8/6/2017 6:40,8/6/2017 8:20,100
326,280-N,3,401403,401808,1.3357522,8/6/2017 6:50,8/6/2017 7:05,15
327,280-N,3,401403,401808,1.3357522,8/6/2017 7:35,8/6/2017 10:00,145
328,280-N,8,414694,400560,9.6399466,9/6/2017 6:45,9/6/2017 8:50,125
329,280-N,5,405701,400414,6.035025,9/6/2017 9:45,9/6/2017 10:15,30
330,280-N,3,401403,401808,1.3357522,9/6/2017 9:50,9/6/2017 10:20,30
331,280-N,3,414284,413877,1.448406,11/6/2017 22:10,11/6/2017 22:20,10
332,280-N,8,414694,400560,9.6399466,12/6/2017 6:55,12/6/2017 8:35,100
333,280-N,3,400714,400560,5.3269154,12/6/2017 8:45,12/6/2017 8:55,10
334,280-N,3,401403,401808,1.3357522,12/6/2017 12:15,12/6/2017 12:25,10
335,280-N,10,413877,400499,12.0861434,13/6/2017 6:45,13/6/2017 10:40,235
336,280-N,3,401810,414284,1.4001258,13/6/2017 7:25,13/6/2017 7:35,10
337,280-N,3,401403,401808,1.3357522,13/6/2017 7:30,13/6/2017 10:00,150
338,280-N,3,401403,401808,1.3357522,13/6/2017 11:45,13/6/2017 12:20,35
339,280-N,5,401810,413877,2.41401,13/6/2017 12:25,13/6/2017 13:00,35
340,280-N,3,401403,401808,1.3357522,14/6/2017 6:50,14/6/2017 10:45,235
341,280-N,8,414694,400560,9.6399466,14/6/2017 6:50,14/6/2017 9:25,155
342,280-N,9,414694,400499,11.2331932,15/6/2017 6:40,15/6/2017 10:15,215
343,280-N,3,401403,401808,1.3357522,15/6/2017 7:50,15/6/2017 9:15,85
344,280-N,3,401403,401808,1.3357522,16/6/2017 6:55,16/6/2017 7:05,10
345,280-N,5,401167,400714,4.2325642,16/6/2017 6:55,16/6/2017 7:30,35
346,280-N,3,401403,401808,1.3357522,16/6/2017 7:50,16/6/2017 9:05,75
347,280-N,3,401403,401808,1.3357522,17/6/2017 11:05,17/6/2017 11:40,35
348,280-N,2,401167,405701,1.207005,17/6/2017 16:15,17/6/2017 16:40,25
349,280-N,8,414694,400560,9.6399466,19/6/2017 6:40,19/6/2017 10:45,245
350,280-N,8,414694,400560,9.6399466,20/6/2017 6:40,20/6/2017 10:45,245
351,280-N,3,401403,401808,1.3357522,20/6/2017 6:50,20/6/2017 7:10,20
352,280-N,3,401403,401808,1.3357522,20/6/2017 7:35,20/6/2017 10:30,175
353,280-N,8,414694,400560,9.6399466,21/6/2017 6:35,21/6/2017 10:05,210
354,280-N,3,401403,401808,1.3357522,21/6/2017 7:35,21/6/2017 10:45,190
355,280-N,2,414284,401942,0.5954558,21/6/2017 13:25,21/6/2017 13:40,15
356,280-N,3,414694,405701,2.41401,21/6/2017 13:35,21/6/2017 13:50,15
357,280-N,8,414694,400560,9.6399466,22/6/2017 6:45,22/6/2017 10:30,225
358,280-N,8,414694,400560,9.6399466,23/6/2017 6:45,23/6/2017 9:20,155
359,280-N,4,401167,401400,3.1060262,26/6/2017 6:45,26/6/2017 7:45,60
360,280-N,4,401167,401400,3.1060262,26/6/2017 8:35,26/6/2017 8:50,15
361,280-N,4,401167,401400,3.1060262,27/6/2017 6:45,27/6/2017 8:50,125
362,280-N,2,400414,400560,4.2003774,27/6/2017 7:35,27/6/2017 7:50,15
363,280-N,2,400414,400560,4.2003774,27/6/2017 9:00,27/6/2017 10:00,60
364,280-N,4,401167,401400,3.1060262,27/6/2017 18:20,27/6/2017 18:35,15
365,280-N,6,413877,401400,5.1659814,28/6/2017 6:40,28/6/2017 7:50,70
366,280-N,2,400414,400560,4.2003774,28/6/2017 7:50,28/6/2017 8:40,50
367,280-N,3,405701,401400,2.5910374,28/6/2017 8:40,28/6/2017 8:50,10
368,280-N,2,400414,400560,4.2003774,28/6/2017 9:15,28/6/2017 9:50,35
369,280-N,4,401167,401400,3.1060262,29/6/2017 6:45,29/6/2017 7:45,60
370,280-N,2,400414,400560,4.2003774,29/6/2017 8:00,29/6/2017 8:45,45
371,280-N,6,413877,401400,5.1659814,29/6/2017 8:20,29/6/2017 10:10,110
372,280-N,5,401808,401810,2.7036912,29/6/2017 9:45,29/6/2017 10:10,25
373,280-S,14,401846,401943,16.9302568,25/5/2017 17:50,25/5/2017 19:05,75
374,280-S,3,403409,403406,1.4323126,25/5/2017 17:50,25/5/2017 19:00,70
375,280-S,8,401388,401943,6.0993986,26/5/2017 14:45,26/5/2017 18:15,210
376,280-S,4,400673,400292,6.6304808,26/5/2017 15:25,26/5/2017 17:10,105
377,280-S,4,403409,403404,2.011675,26/5/2017 16:20,26/5/2017 18:25,125
378,280-S,4,400673,400292,6.6304808,30/5/2017 15:25,30/5/2017 17:35,130
379,280-S,4,403409,403404,2.011675,30/5/2017 15:30,30/5/2017 16:40,70
380,280-S,7,407711,401943,4.747553,30/5/2017 15:45,30/5/2017 18:45,180
381,280-S,3,403409,403406,1.4323126,30/5/2017 16:55,30/5/2017 18:50,115
382,280-S,6,401846,400292,10.8308582,31/5/2017 14:55,31/5/2017 17:55,180
383,280-S,7,407711,401943,4.747553,31/5/2017 15:45,31/5/2017 18:40,175
384,280-S,2,401811,403406,0.7885766,31/5/2017 16:35,31/5/2017 16:50,15
385,280-S,3,403409,403406,1.4323126,31/5/2017 17:05,31/5/2017 19:05,120
386,280-S,12,400673,401943,12.7298794,1/6/2017 14:55,1/6/2017 19:05,250
387,280-S,4,403409,403404,2.011675,1/6/2017 15:45,1/6/2017 19:00,195
388,280-S,3,403409,403406,1.4323126,2/6/2017 12:20,2/6/2017 12:55,35
389,280-S,12,400673,401943,12.7298794,2/6/2017 15:00,2/6/2017 18:50,230
390,280-S,3,403409,403406,1.4323126,2/6/2017 15:20,2/6/2017 18:20,180
391,280-S,2,401811,403406,0.7885766,2/6/2017 18:35,2/6/2017 18:55,20
392,280-S,4,400673,400292,6.6304808,5/6/2017 15:40,5/6/2017 17:10,90
393,280-S,3,403409,403406,1.4323126,5/6/2017 16:05,5/6/2017 18:35,150
394,280-S,7,407711,401943,4.747553,5/6/2017 16:20,5/6/2017 18:35,135
395,280-S,3,400084,400292,4.8763002,5/6/2017 17:25,5/6/2017 18:05,40
396,280-S,3,400084,400292,4.8763002,5/6/2017 18:20,5/6/2017 19:05,45
397,280-S,2,401327,403414,1.1748182,6/6/2017 8:25,6/6/2017 8:35,10
398,280-S,12,400673,401943,12.7298794,6/6/2017 14:55,6/6/2017 19:20,265
399,280-S,3,403409,403406,1.4323126,6/6/2017 16:10,6/6/2017 19:15,185
400,280-S,14,401846,401943,16.9302568,7/6/2017 15:20,7/6/2017 19:45,265
401,280-S,4,403409,403404,2.011675,7/6/2017 15:20,7/6/2017 18:55,215
402,280-S,4,400673,400292,6.6304808,8/6/2017 14:30,8/6/2017 16:50,140
403,280-S,2,407711,401163,2.1887024,8/6/2017 15:05,8/6/2017 15:30,25
404,280-S,2,401811,403406,0.7885766,8/6/2017 15:45,8/6/2017 15:55,10
405,280-S,3,407711,403419,2.5910374,8/6/2017 15:55,8/6/2017 16:20,25
406,280-S,3,403409,403406,1.4323126,8/6/2017 16:10,8/6/2017 18:35,145
407,280-S,9,400292,401943,7.9340462,8/6/2017 16:55,8/6/2017 18:30,95
408,280-S,11,400084,401943,10.9756988,9/6/2017 15:00,9/6/2017 18:30,210
409,280-S,4,403409,403404,2.011675,9/6/2017 16:10,9/6/2017 18:45,155
410,280-S,3,400084,400292,4.8763002,9/6/2017 18:40,9/6/2017 19:00,20
411,280-S,14,401846,401943,16.9302568,12/6/2017 15:30,12/6/2017 18:45,195
412,280-S,3,403409,403406,1.4323126,12/6/2017 16:10,12/6/2017 18:40,150
413,280-S,14,401846,401943,16.9302568,13/6/2017 15:00,13/6/2017 20:20,320
414,280-S,4,403409,403404,2.011675,13/6/2017 16:25,13/6/2017 19:05,160
415,280-S,14,401846,401943,16.9302568,14/6/2017 14:55,14/6/2017 19:15,260
416,280-S,3,403409,403406,1.4323126,14/6/2017 16:20,14/6/2017 19:00,160
417,280-S,12,400673,401943,12.7298794,15/6/2017 14:45,15/6/2017 19:05,260
418,280-S,2,401811,403406,0.7885766,15/6/2017 16:10,15/6/2017 16:35,25
419,280-S,3,403409,403406,1.4323126,15/6/2017 16:50,15/6/2017 19:00,130
420,280-S,4,401811,403401,2.1404222,16/6/2017 10:20,16/6/2017 11:00,40
421,280-S,4,400673,400292,6.6304808,16/6/2017 14:45,16/6/2017 17:40,175
422,280-S,7,407711,401943,4.747553,16/6/2017 14:50,16/6/2017 18:40,230
423,280-S,3,403409,403406,1.4323126,16/6/2017 15:40,16/6/2017 16:50,70
424,280-S,3,403409,403406,1.4323126,16/6/2017 17:05,16/6/2017 18:10,65
425,280-S,2,401811,403406,0.7885766,17/6/2017 12:10,17/6/2017 12:25,15
426,280-S,4,400673,400292,6.6304808,19/6/2017 15:20,19/6/2017 18:05,165
427,280-S,3,403409,403406,1.4323126,19/6/2017 16:55,19/6/2017 18:20,85
428,280-S,3,403414,401943,1.7863674,19/6/2017 17:30,19/6/2017 18:05,35
429,280-S,2,400084,400429,3.0416526,20/6/2017 9:50,20/6/2017 10:00,10
430,280-S,12,400673,401943,12.7298794,20/6/2017 14:55,20/6/2017 19:10,255
431,280-S,3,403409,403406,1.4323126,20/6/2017 16:10,20/6/2017 18:15,125
432,280-S,2,401811,403406,0.7885766,20/6/2017 18:30,20/6/2017 19:15,45
433,280-S,14,401846,401943,16.9302568,21/6/2017 14:40,21/6/2017 19:55,315
434,280-S,3,403409,403406,1.4323126,21/6/2017 16:25,21/6/2017 19:15,170
435,280-S,14,401846,401943,16.9302568,22/6/2017 14:50,22/6/2017 19:25,275
436,280-S,4,403409,403404,2.011675,22/6/2017 16:25,22/6/2017 19:30,185
437,280-S,5,401163,402067,3.3313338,23/6/2017 9:30,23/6/2017 10:00,30
438,280-S,12,400673,401943,12.7298794,23/6/2017 14:40,23/6/2017 18:55,255
439,280-S,3,403409,403406,1.4323126,23/6/2017 16:45,23/6/2017 18:45,120
440,280-S,12,400673,401943,12.7298794,26/6/2017 15:20,26/6/2017 18:50,210
441,280-S,2,401811,403406,0.7885766,26/6/2017 16:15,26/6/2017 16:30,15
442,280-S,3,403409,403406,1.4323126,26/6/2017 16:45,26/6/2017 18:45,120
443,280-S,14,401846,401943,16.9302568,27/6/2017 14:50,27/6/2017 19:35,285
444,280-S,4,403409,403404,2.011675,27/6/2017 16:15,27/6/2017 18:55,160
445,280-S,2,401811,403406,0.7885766,27/6/2017 19:25,27/6/2017 19:35,10
446,280-S,4,401163,403414,2.4622902,28/6/2017 9:55,28/6/2017 10:10,15
447,280-S,4,401163,403414,2.4622902,28/6/2017 13:00,28/6/2017 13:10,10
448,280-S,14,401846,401943,16.9302568,28/6/2017 15:00,28/6/2017 19:40,280
449,280-S,3,403409,403406,1.4323126,28/6/2017 16:45,28/6/2017 18:55,130
450,280-S,12,400673,401943,12.7298794,29/6/2017 14:40,29/6/2017 19:50,310
451,280-S,3,403409,403406,1.4323126,29/6/2017 15:15,29/6/2017 19:15,240
452,280-S,4,400673,400292,6.6304808,30/6/2017 14:40,30/6/2017 17:05,145
453,280-S,3,407711,403419,2.5910374,30/6/2017 14:50,30/6/2017 15:15,25
454,280-S,7,407711,401943,4.747553,30/6/2017 15:30,30/6/2017 18:35,185
455,280-S,3,403409,403406,1.4323126,30/6/2017 16:05,30/6/2017 18:50,165
456,680-N,4,407155,407161,2.896812,30/5/2017 8:15,30/5/2017 8:50,35
457,680-N,3,407176,407179,1.7541806,31/5/2017 8:45,31/5/2017 9:05,20
458,680-N,3,407176,407179,1.7541806,1/6/2017 7:45,1/6/2017 8:15,30
459,680-N,3,407176,407179,1.7541806,2/6/2017 8:15,2/6/2017 8:30,15
460,680-N,3,407176,407179,1.7541806,6/6/2017 7:55,6/6/2017 8:05,10
461,680-N,3,407176,407179,1.7541806,7/6/2017 7:30,7/6/2017 8:10,40
462,680-N,4,407161,407150,3.0255592,7/6/2017 8:55,7/6/2017 9:55,60
463,680-N,2,407173,407165,0.8207634,8/6/2017 17:50,8/6/2017 18:20,30
464,680-N,3,407176,407179,1.7541806,15/6/2017 7:45,15/6/2017 8:50,65
465,680-N,2,407151,407150,1.4162192,15/6/2017 8:30,15/6/2017 8:50,20
466,680-N,3,407153,407161,2.0277684,15/6/2017 9:05,15/6/2017 9:35,30
467,680-N,3,407153,407161,2.0277684,15/6/2017 14:40,15/6/2017 14:50,10
468,680-N,3,407176,407179,1.7541806,19/6/2017 7:55,19/6/2017 8:10,15
469,680-N,8,407179,407161,6.2925194,19/6/2017 16:50,19/6/2017 21:45,295
470,680-N,3,407176,407179,1.7541806,20/6/2017 7:45,20/6/2017 9:15,90
471,680-N,3,407176,407179,1.7541806,21/6/2017 7:35,21/6/2017 8:30,55
472,680-N,3,407176,407179,1.7541806,22/6/2017 7:40,22/6/2017 8:10,30
473,680-N,3,407176,407179,1.7541806,22/6/2017 12:25,22/6/2017 12:35,10
474,680-N,3,407181,407155,2.655411,22/6/2017 12:55,22/6/2017 13:05,10
475,680-N,3,407176,407179,1.7541806,23/6/2017 8:40,23/6/2017 9:00,20
476,680-N,2,407151,407150,1.4162192,23/6/2017 13:40,23/6/2017 13:50,10
477,680-N,4,407176,407180,2.5427572,24/6/2017 13:50,24/6/2017 14:05,15
478,680-N,4,407165,407179,2.3818232,26/6/2017 7:40,26/6/2017 8:30,50
479,680-N,2,407179,407180,1.60934,26/6/2017 13:30,26/6/2017 13:45,15
480,680-N,3,407176,407179,1.7541806,27/6/2017 7:45,27/6/2017 8:10,25
481,680-N,3,407176,407179,1.7541806,29/6/2017 8:00,29/6/2017 8:15,15
482,680-N,3,407152,407150,2.1565156,30/6/2017 9:30,30/6/2017 9:45,15
483,680-S,7,407184,407187,6.0993986,25/5/2017 17:50,25/5/2017 19:15,85
484,680-S,7,407184,407187,6.0993986,26/5/2017 14:55,26/5/2017 18:40,225
485,680-S,2,407184,407185,1.6254334,30/5/2017 9:40,30/5/2017 9:55,15
486,680-S,2,407194,400665,1.1426314,30/5/2017 10:40,30/5/2017 11:05,25
487,680-S,7,407184,407187,6.0993986,30/5/2017 16:55,30/5/2017 18:05,70
488,680-S,10,407184,407204,8.609969,31/5/2017 14:55,31/5/2017 19:40,285
489,680-S,7,407184,407187,6.0993986,1/6/2017 15:50,1/6/2017 18:50,180
490,680-S,2,407194,400665,1.1426314,2/6/2017 7:40,2/6/2017 8:55,75
491,680-S,4,407204,400665,2.6232242,2/6/2017 12:45,2/6/2017 14:05,80
492,680-S,7,407184,407187,6.0993986,2/6/2017 14:55,2/6/2017 18:50,235
493,680-S,4,407200,407207,3.6371084,4/6/2017 17:45,4/6/2017 18:40,55
494,680-S,7,407184,407187,6.0993986,5/6/2017 14:55,5/6/2017 18:25,210
495,680-S,7,407184,407187,6.0993986,6/6/2017 16:00,6/6/2017 18:40,160
496,680-S,2,407194,400665,1.1426314,7/6/2017 8:00,7/6/2017 8:50,50
497,680-S,7,407184,407187,6.0993986,7/6/2017 15:15,7/6/2017 19:00,225
498,680-S,2,407194,400665,1.1426314,8/6/2017 8:35,8/6/2017 8:55,20
499,680-S,7,407184,407187,6.0993986,8/6/2017 15:55,8/6/2017 18:40,165
500,680-S,7,407184,407187,6.0993986,9/6/2017 15:00,9/6/2017 18:40,220
501,680-S,4,407184,407191,3.2025866,10/6/2017 12:25,10/6/2017 12:55,30
502,680-S,4,407200,407207,3.6371084,10/6/2017 13:05,10/6/2017 16:00,175
503,680-S,7,407184,407187,6.0993986,12/6/2017 15:55,12/6/2017 18:30,155
504,680-S,2,407194,400665,1.1426314,13/6/2017 8:05,13/6/2017 8:30,25
505,680-S,7,407184,407187,6.0993986,13/6/2017 16:00,13/6/2017 18:40,160
506,680-S,7,407184,407187,6.0993986,14/6/2017 16:00,14/6/2017 18:35,155
507,680-S,2,407184,407185,1.6254334,15/6/2017 8:45,15/6/2017 10:15,90
508,680-S,7,407184,407187,6.0993986,15/6/2017 16:20,15/6/2017 19:20,180
509,680-S,7,407184,407187,6.0993986,16/6/2017 15:15,16/6/2017 18:25,190
510,680-S,2,407184,407185,1.6254334,18/6/2017 15:55,18/6/2017 16:25,30
511,680-S,3,407191,407186,2.8646252,19/6/2017 15:40,19/6/2017 16:30,50
512,680-S,2,407184,407185,1.6254334,19/6/2017 16:50,19/6/2017 18:40,110
513,680-S,2,407194,400665,1.1426314,20/6/2017 8:25,20/6/2017 9:10,45
514,680-S,2,407194,400665,1.1426314,20/6/2017 9:35,20/6/2017 9:45,10
515,680-S,7,407184,407187,6.0993986,20/6/2017 16:00,20/6/2017 18:35,155
516,680-S,2,407194,400665,1.1426314,21/6/2017 9:05,21/6/2017 9:40,35
517,680-S,8,407184,407207,6.839695,21/6/2017 15:50,21/6/2017 19:30,220
518,680-S,2,407194,400665,1.1426314,22/6/2017 8:05,22/6/2017 8:30,25
519,680-S,7,407184,407187,6.0993986,22/6/2017 10:25,22/6/2017 11:15,50
520,680-S,4,407191,407187,3.7336688,22/6/2017 15:40,22/6/2017 18:25,165
521,680-S,2,407184,407185,1.6254334,22/6/2017 16:40,22/6/2017 17:45,65
522,680-S,2,407204,407202,1.4805928,23/6/2017 11:40,23/6/2017 11:50,10
523,680-S,4,407191,407187,3.7336688,23/6/2017 15:10,23/6/2017 18:45,215
524,680-S,2,407184,407185,1.6254334,23/6/2017 15:55,23/6/2017 18:20,145
525,680-S,3,407200,407187,2.896812,26/6/2017 14:50,26/6/2017 15:00,10
526,680-S,7,407184,407187,6.0993986,26/6/2017 15:20,26/6/2017 18:25,185
527,680-S,3,407206,407202,2.4461968,27/6/2017 9:55,27/6/2017 10:15,20
528,680-S,7,407184,407187,6.0993986,27/6/2017 15:50,27/6/2017 18:40,170
529,680-S,2,407184,407185,1.6254334,28/6/2017 10:15,28/6/2017 10:25,10
530,680-S,7,407184,407187,6.0993986,28/6/2017 16:00,28/6/2017 18:55,175
531,680-S,7,407184,407187,6.0993986,29/6/2017 15:20,29/6/2017 18:50,210
532,680-S,3,407191,407186,2.8646252,30/6/2017 15:20,30/6/2017 15:35,15
533,680-S,4,407191,407187,3.7336688,30/6/2017 15:45,30/6/2017 18:25,160
534,680-S,2,407184,407185,1.6254334,30/6/2017 17:35,30/6/2017 18:00,25
535,680-S,2,407206,407204,1.770274,30/6/2017 22:20,30/6/2017 22:35,15
536,85-N,2,400461,400750,3.0094658,26/5/2017 7:35,26/5/2017 7:45,10
537,85-N,2,407328,407342,0.7081096,26/5/2017 9:45,26/5/2017 10:00,15
538,85-N,3,407337,407336,1.850741,26/5/2017 9:55,26/5/2017 10:05,10
539,85-N,7,400268,400336,7.5317112,30/5/2017 6:45,30/5/2017 8:55,130
540,85-N,7,400485,400952,7.7409254,30/5/2017 7:10,30/5/2017 10:35,205
541,85-N,6,400185,407331,5.1177012,30/5/2017 7:35,30/5/2017 10:30,175
542,85-N,3,407339,402060,1.3518456,30/5/2017 8:05,30/5/2017 10:35,150
543,85-N,3,400750,400336,3.4118008,30/5/2017 9:05,30/5/2017 10:40,95
544,85-N,2,407328,407342,0.7081096,30/5/2017 9:05,30/5/2017 10:10,65
545,85-N,15,400268,400952,16.2382406,31/5/2017 6:40,31/5/2017 9:30,170
546,85-N,7,400507,407331,5.954558,31/5/2017 7:45,31/5/2017 10:20,155
547,85-N,7,407339,407342,3.862416,31/5/2017 8:15,31/5/2017 10:20,125
548,85-N,2,400750,400148,2.4461968,31/5/2017 9:40,31/5/2017 9:55,15
549,85-N,7,400268,400336,7.5317112,1/6/2017 6:40,1/6/2017 9:05,145
550,85-N,7,400485,400952,7.7409254,1/6/2017 7:10,1/6/2017 9:00,110
551,85-N,5,400677,407331,3.6532018,1/6/2017 7:45,1/6/2017 10:20,155
552,85-N,4,407339,407336,2.3174496,1/6/2017 8:05,1/6/2017 10:25,140
553,85-N,2,407328,407342,0.7081096,1/6/2017 8:50,1/6/2017 10:00,70
554,85-N,2,400148,400336,1.8829278,1/6/2017 9:30,1/6/2017 10:05,35
555,85-N,2,400464,400688,1.528873,1/6/2017 9:45,1/6/2017 9:55,10
556,85-N,7,400268,400336,7.5317112,2/6/2017 6:45,2/6/2017 9:40,175
557,85-N,2,400464,400688,1.528873,2/6/2017 7:30,2/6/2017 8:30,60
558,85-N,4,407339,407336,2.3174496,2/6/2017 8:40,2/6/2017 10:25,105
559,85-N,2,407328,407342,0.7081096,2/6/2017 8:40,2/6/2017 8:50,10
560,85-N,2,407328,407342,0.7081096,2/6/2017 9:15,2/6/2017 10:05,50
561,85-N,2,400464,400688,1.528873,2/6/2017 9:30,2/6/2017 10:00,30
562,85-N,7,400268,400336,7.5317112,5/6/2017 6:25,5/6/2017 9:55,210
563,85-N,7,400485,400952,7.7409254,5/6/2017 7:10,5/6/2017 10:35,205
564,85-N,5,400677,407331,3.6532018,5/6/2017 7:50,5/6/2017 9:55,125
565,85-N,2,400507,400185,2.3013562,5/6/2017 8:05,5/6/2017 8:15,10
566,85-N,7,407339,407342,3.862416,5/6/2017 8:05,5/6/2017 10:05,120
567,85-N,2,400148,400336,1.8829278,5/6/2017 10:10,5/6/2017 10:20,10
568,85-N,15,400268,400952,16.2382406,6/6/2017 6:20,6/6/2017 10:15,235
569,85-N,3,407344,407331,1.4162192,6/6/2017 7:45,6/6/2017 10:05,140
570,85-N,4,407339,407336,2.3174496,6/6/2017 8:15,6/6/2017 10:30,135
571,85-N,2,407328,407342,0.7081096,6/6/2017 8:50,6/6/2017 9:55,65
572,85-N,13,400052,400952,14.5001534,7/6/2017 6:35,7/6/2017 10:55,260
573,85-N,3,407344,407331,1.4162192,7/6/2017 7:45,7/6/2017 8:30,45
574,85-N,7,407339,407342,3.862416,7/6/2017 8:05,7/6/2017 10:00,115
575,85-N,3,407344,407331,1.4162192,7/6/2017 8:50,7/6/2017 9:45,55
576,85-N,5,400052,400336,5.793624,8/6/2017 6:35,8/6/2017 8:40,125
577,85-N,2,400464,400688,1.528873,8/6/2017 7:45,8/6/2017 7:55,10
578,85-N,3,407344,407331,1.4162192,8/6/2017 7:50,8/6/2017 9:10,80
579,85-N,3,407339,402060,1.3518456,8/6/2017 8:25,8/6/2017 8:45,20
580,85-N,2,407328,407342,0.7081096,8/6/2017 8:55,8/6/2017 9:55,60
581,85-N,3,407337,407336,1.850741,8/6/2017 9:15,8/6/2017 9:35,20
582,85-N,4,407339,407336,2.3174496,8/6/2017 10:15,8/6/2017 11:35,80
583,85-N,3,407344,407331,1.4162192,8/6/2017 10:30,8/6/2017 10:55,25
584,85-N,4,400485,400688,3.1221196,9/6/2017 6:50,9/6/2017 8:40,110
585,85-N,7,400268,400336,7.5317112,9/6/2017 6:55,9/6/2017 8:45,110
586,85-N,7,400485,400952,7.7409254,9/6/2017 8:45,9/6/2017 10:45,120
587,85-N,2,407328,407342,0.7081096,9/6/2017 9:40,9/6/2017 10:00,20
588,85-N,3,407337,407336,1.850741,9/6/2017 9:50,9/6/2017 10:00,10
589,85-N,2,400148,400336,1.8829278,9/6/2017 10:25,9/6/2017 10:55,30
590,85-N,5,400052,400336,5.793624,12/6/2017 6:45,12/6/2017 8:00,75
591,85-N,2,400507,400185,2.3013562,12/6/2017 7:30,12/6/2017 7:50,20
592,85-N,3,407344,407331,1.4162192,12/6/2017 7:55,12/6/2017 9:00,65
593,85-N,2,400464,400688,1.528873,12/6/2017 8:05,12/6/2017 8:20,15
594,85-N,7,407339,407342,3.862416,12/6/2017 9:05,12/6/2017 10:10,65
595,85-N,2,400464,400688,1.528873,12/6/2017 9:30,12/6/2017 9:55,25
596,85-N,3,407344,407331,1.4162192,12/6/2017 9:45,12/6/2017 10:00,15
597,85-N,15,400268,400952,16.2382406,13/6/2017 6:30,13/6/2017 10:35,245
598,85-N,2,400507,400185,2.3013562,13/6/2017 7:15,13/6/2017 7:45,30
599,85-N,2,400507,400185,2.3013562,13/6/2017 8:00,13/6/2017 9:00,60
600,85-N,7,407339,407342,3.862416,13/6/2017 8:10,13/6/2017 10:20,130
601,85-N,2,407321,407331,0.9334172,13/6/2017 8:20,13/6/2017 8:30,10
602,85-N,2,407321,407331,0.9334172,13/6/2017 9:45,13/6/2017 9:55,10
603,85-N,6,401555,400336,6.5661072,14/6/2017 6:35,14/6/2017 9:40,185
604,85-N,7,400485,400952,7.7409254,14/6/2017 7:05,14/6/2017 8:50,105
605,85-N,2,400507,400185,2.3013562,14/6/2017 7:30,14/6/2017 7:55,25
606,85-N,3,407344,407331,1.4162192,14/6/2017 7:30,14/6/2017 9:15,105
607,85-N,4,407339,407336,2.3174496,14/6/2017 7:40,14/6/2017 10:25,165
608,85-N,2,407328,407342,0.7081096,14/6/2017 8:55,14/6/2017 10:15,80
609,85-N,3,400822,400688,2.1404222,14/6/2017 9:35,14/6/2017 10:30,55
610,85-N,6,401555,400336,6.5661072,15/6/2017 6:30,15/6/2017 8:30,120
611,85-N,7,400485,400952,7.7409254,15/6/2017 6:55,15/6/2017 9:50,175
612,85-N,2,400507,400185,2.3013562,15/6/2017 7:30,15/6/2017 7:50,20
613,85-N,2,407321,407331,0.9334172,15/6/2017 8:00,15/6/2017 8:15,15
614,85-N,7,407339,407342,3.862416,15/6/2017 8:20,15/6/2017 10:40,140
615,85-N,5,400052,400336,5.793624,15/6/2017 8:45,15/6/2017 9:35,50
616,85-N,2,407321,407331,0.9334172,15/6/2017 9:00,15/6/2017 9:15,15
617,85-N,3,400507,400677,3.8302292,15/6/2017 9:20,15/6/2017 9:30,10
618,85-N,3,407344,407331,1.4162192,15/6/2017 9:40,15/6/2017 10:20,40
619,85-N,2,400148,400336,1.8829278,15/6/2017 10:00,15/6/2017 10:10,10
620,85-N,4,400822,404434,4.0394434,15/6/2017 17:50,15/6/2017 18:10,20
621,85-N,3,400461,400148,3.9267896,16/6/2017 7:25,16/6/2017 7:40,15
622,85-N,2,400464,400688,1.528873,16/6/2017 7:35,16/6/2017 7:45,10
623,85-N,4,400461,400336,4.8923936,16/6/2017 8:50,16/6/2017 9:05,15
624,85-N,2,407328,407342,0.7081096,16/6/2017 8:55,16/6/2017 10:05,70
625,85-N,4,407339,407336,2.3174496,16/6/2017 9:00,16/6/2017 10:25,85
626,85-N,3,400750,400336,3.4118008,16/6/2017 9:15,16/6/2017 9:55,40
627,85-N,15,400268,400952,16.2382406,19/6/2017 6:40,19/6/2017 10:45,245
628,85-N,2,400507,400185,2.3013562,19/6/2017 7:30,19/6/2017 8:00,30
629,85-N,4,407339,407336,2.3174496,19/6/2017 8:05,19/6/2017 10:30,145
630,85-N,2,407344,407321,0.7563898,19/6/2017 8:10,19/6/2017 8:20,10
631,85-N,2,400507,400185,2.3013562,19/6/2017 8:25,19/6/2017 8:35,10
632,85-N,2,407328,407342,0.7081096,19/6/2017 9:10,19/6/2017 10:10,60
633,85-N,11,400268,400464,10.6538308,20/6/2017 6:25,20/6/2017 10:35,250
634,85-N,2,400507,400185,2.3013562,20/6/2017 7:25,20/6/2017 7:55,30
635,85-N,3,407344,407331,1.4162192,20/6/2017 7:55,20/6/2017 8:05,10
636,85-N,2,400222,400952,2.7197846,20/6/2017 8:25,20/6/2017 8:50,25
637,85-N,2,400507,400185,2.3013562,20/6/2017 8:25,20/6/2017 9:00,35
638,85-N,4,407339,407336,2.3174496,20/6/2017 8:25,20/6/2017 10:20,115
639,85-N,3,407344,407331,1.4162192,20/6/2017 8:30,20/6/2017 9:10,40
640,85-N,2,407328,407342,0.7081096,20/6/2017 9:10,20/6/2017 9:55,45
641,85-N,7,401555,400713,7.5317112,21/6/2017 6:40,21/6/2017 9:00,140
642,85-N,6,400822,400952,6.759228,21/6/2017 7:00,21/6/2017 10:35,215
643,85-N,2,400507,400185,2.3013562,21/6/2017 7:45,21/6/2017 8:40,55
644,85-N,4,407339,407336,2.3174496,21/6/2017 8:40,21/6/2017 10:30,110
645,85-N,2,407328,407342,0.7081096,21/6/2017 8:50,21/6/2017 9:10,20
646,85-N,2,407328,407342,0.7081096,21/6/2017 9:25,21/6/2017 10:35,70
647,85-N,2,400148,400336,1.8829278,21/6/2017 9:40,21/6/2017 10:00,20
648,85-N,2,400148,400336,1.8829278,21/6/2017 13:55,21/6/2017 14:05,10
649,85-N,8,400268,400713,8.4973152,22/6/2017 6:35,22/6/2017 10:35,240
650,85-N,6,400822,400952,6.759228,22/6/2017 7:05,22/6/2017 9:55,170
651,85-N,2,400507,400185,2.3013562,22/6/2017 7:25,22/6/2017 7:50,25
652,85-N,3,407344,407331,1.4162192,22/6/2017 7:50,22/6/2017 10:25,155
653,85-N,2,400507,400185,2.3013562,22/6/2017 8:05,22/6/2017 8:30,25
654,85-N,2,407339,407337,0.7724832,22/6/2017 8:10,22/6/2017 8:20,10
655,85-N,7,407339,407342,3.862416,22/6/2017 8:55,22/6/2017 10:50,115
656,85-N,2,400507,400185,2.3013562,22/6/2017 9:10,22/6/2017 9:20,10
657,85-N,14,400052,401210,15.9002792,23/6/2017 7:25,23/6/2017 10:20,175
658,85-N,7,407339,407342,3.862416,23/6/2017 8:55,23/6/2017 10:10,75
659,85-N,3,407344,407331,1.4162192,23/6/2017 9:35,23/6/2017 10:00,25
660,85-N,6,400052,400713,6.759228,26/6/2017 6:30,26/6/2017 7:50,80
661,85-N,6,400336,400688,5.0533276,26/6/2017 7:40,26/6/2017 9:45,125
662,85-N,3,407344,407331,1.4162192,26/6/2017 7:50,26/6/2017 8:50,60
663,85-N,7,407339,407342,3.862416,26/6/2017 7:55,26/6/2017 10:25,150
664,85-N,3,407344,407331,1.4162192,26/6/2017 9:30,26/6/2017 10:10,40
665,85-N,6,400052,400713,6.759228,27/6/2017 6:40,27/6/2017 8:35,115
666,85-N,3,400822,400688,2.1404222,27/6/2017 7:05,27/6/2017 8:50,105
667,85-N,5,400677,407331,3.6532018,27/6/2017 7:45,27/6/2017 10:30,165
668,85-N,2,400222,400952,2.7197846,27/6/2017 8:15,27/6/2017 8:25,10
669,85-N,7,407339,407342,3.862416,27/6/2017 8:20,27/6/2017 10:10,110
670,85-N,7,401555,400713,7.5317112,28/6/2017 6:30,28/6/2017 7:55,85
671,85-N,3,400822,400688,2.1404222,28/6/2017 7:10,28/6/2017 8:15,65
672,85-N,2,400507,400185,2.3013562,28/6/2017 7:25,28/6/2017 7:35,10
673,85-N,2,400222,400952,2.7197846,28/6/2017 7:35,28/6/2017 7:45,10
674,85-N,5,400677,407331,3.6532018,28/6/2017 7:50,28/6/2017 9:30,100
675,85-N,7,407339,407342,3.862416,28/6/2017 8:05,28/6/2017 10:50,165
676,85-N,2,400222,400952,2.7197846,28/6/2017 8:25,28/6/2017 8:35,10
677,85-N,4,400461,400336,4.8923936,28/6/2017 9:30,28/6/2017 10:00,30
678,85-N,4,400052,400148,4.82802,29/6/2017 6:45,29/6/2017 7:00,15
679,85-N,9,400336,400952,9.6721334,29/6/2017 6:55,29/6/2017 9:15,140
680,85-N,3,407344,407331,1.4162192,29/6/2017 7:50,29/6/2017 8:15,25
681,85-N,4,407339,407336,2.3174496,29/6/2017 8:20,29/6/2017 9:40,80
682,85-N,2,400507,400185,2.3013562,29/6/2017 8:25,29/6/2017 8:35,10
683,85-N,2,407328,407342,0.7081096,29/6/2017 9:05,29/6/2017 9:20,15
684,85-N,6,400052,400713,6.759228,29/6/2017 9:25,29/6/2017 10:35,70
685,85-N,2,407328,407342,0.7081096,29/6/2017 9:55,29/6/2017 10:50,55
686,85-N,2,402060,407336,1.5449664,29/6/2017 10:20,29/6/2017 10:40,20
687,85-N,2,400336,400713,1.931208,30/6/2017 8:00,30/6/2017 8:10,10
688,85-N,2,400507,400185,2.3013562,30/6/2017 8:20,30/6/2017 8:30,10
689,85-N,4,407339,407336,2.3174496,30/6/2017 8:55,30/6/2017 10:35,100
690,85-N,2,407328,407342,0.7081096,30/6/2017 9:10,30/6/2017 10:35,85
691,85-S,11,407359,407364,11.7964622,25/5/2017 17:50,25/5/2017 19:05,75
692,85-S,15,407370,400772,16.3669878,25/5/2017 17:50,25/5/2017 19:35,105
693,85-S,2,400637,400519,1.1104446,25/5/2017 17:50,25/5/2017 18:10,20
694,85-S,6,400209,400582,8.4329416,26/5/2017 14:20,26/5/2017 18:05,225
695,85-S,6,400528,407361,3.6853886,26/5/2017 14:30,26/5/2017 15:00,30
696,85-S,2,400700,400772,1.7541806,26/5/2017 14:55,26/5/2017 15:05,10
697,85-S,4,400934,400772,2.9129054,26/5/2017 15:45,26/5/2017 18:25,160
698,85-S,4,407360,407364,3.1221196,26/5/2017 17:40,26/5/2017 17:55,15
699,85-S,5,400792,400772,3.5244546,30/5/2017 14:50,30/5/2017 18:50,240
700,85-S,6,400209,400582,8.4329416,30/5/2017 15:00,30/5/2017 18:10,190
701,85-S,5,407352,407364,3.4761744,30/5/2017 15:50,30/5/2017 16:05,15
702,85-S,2,400528,407348,1.1426314,30/5/2017 16:15,30/5/2017 16:25,10
703,85-S,10,400869,407364,7.2098432,30/5/2017 16:30,30/5/2017 18:35,125
704,85-S,2,401495,400637,1.1426314,30/5/2017 16:55,30/5/2017 17:50,55
705,85-S,7,407348,407364,4.4095916,31/5/2017 15:00,31/5/2017 15:35,35
706,85-S,14,400209,400772,15.3852904,31/5/2017 15:25,31/5/2017 19:15,230
707,85-S,10,400869,407364,7.2098432,31/5/2017 16:35,31/5/2017 19:35,180
708,85-S,3,401495,400519,1.9633948,31/5/2017 17:05,31/5/2017 17:20,15
709,85-S,14,400209,400772,15.3852904,1/6/2017 14:45,1/6/2017 19:20,275
710,85-S,7,407348,407364,4.4095916,1/6/2017 14:50,1/6/2017 15:40,50
711,85-S,11,407359,407364,11.7964622,1/6/2017 16:30,1/6/2017 19:30,180
712,85-S,3,401495,400519,1.9633948,1/6/2017 17:25,1/6/2017 18:10,45
713,85-S,6,400907,400772,4.0877236,2/6/2017 14:30,2/6/2017 18:50,260
714,85-S,8,400528,407364,5.0211408,2/6/2017 14:35,2/6/2017 15:50,75
715,85-S,6,400209,400582,8.4329416,2/6/2017 15:05,2/6/2017 18:20,195
716,85-S,5,407352,407364,3.4761744,2/6/2017 16:15,2/6/2017 16:50,35
717,85-S,9,407374,407364,5.8258108,2/6/2017 17:05,2/6/2017 19:00,115
718,85-S,4,400934,400772,2.9129054,5/6/2017 14:50,5/6/2017 15:20,30
719,85-S,2,407360,407361,1.7863674,5/6/2017 15:15,5/6/2017 15:25,10
720,85-S,14,400209,400772,15.3852904,5/6/2017 15:40,5/6/2017 18:50,190
721,85-S,10,400869,407364,7.2098432,5/6/2017 15:45,5/6/2017 19:00,195
722,85-S,4,400934,400772,2.9129054,6/6/2017 14:45,6/6/2017 15:20,35
723,85-S,7,407348,407364,4.4095916,6/6/2017 15:00,6/6/2017 15:35,35
724,85-S,14,400209,400772,15.3852904,6/6/2017 15:30,6/6/2017 19:30,240
725,85-S,11,407359,407364,11.7964622,6/6/2017 16:10,6/6/2017 19:15,185
726,85-S,5,407352,407364,3.4761744,7/6/2017 14:45,7/6/2017 15:45,60
727,85-S,15,407370,400772,16.3669878,7/6/2017 15:00,7/6/2017 19:05,245
728,85-S,10,400869,407364,7.2098432,7/6/2017 16:20,7/6/2017 18:45,145
729,85-S,3,401495,400519,1.9633948,7/6/2017 17:35,7/6/2017 18:30,55
730,85-S,2,407352,407360,1.1748182,8/6/2017 14:40,8/6/2017 15:00,20
731,85-S,6,400209,400582,8.4329416,8/6/2017 14:55,8/6/2017 17:55,180
732,85-S,2,400934,400017,1.1587248,8/6/2017 15:10,8/6/2017 15:20,10
733,85-S,3,407352,407361,2.1404222,8/6/2017 16:40,8/6/2017 16:55,15
734,85-S,9,407374,407364,5.8258108,8/6/2017 16:55,8/6/2017 19:10,135
735,85-S,4,400934,400772,2.9129054,8/6/2017 17:10,8/6/2017 18:30,80
736,85-S,3,401495,400519,1.9633948,8/6/2017 17:55,8/6/2017 18:20,25
737,85-S,4,400828,400582,4.9567672,9/6/2017 15:10,9/6/2017 15:55,45
738,85-S,3,407352,407361,2.1404222,9/6/2017 15:40,9/6/2017 15:50,10
739,85-S,2,400700,400772,1.7541806,9/6/2017 16:00,9/6/2017 16:10,10
740,85-S,4,400828,400582,4.9567672,9/6/2017 16:05,9/6/2017 18:45,160
741,85-S,11,407359,407364,11.7964622,9/6/2017 16:25,9/6/2017 18:25,120
742,85-S,4,400934,400772,2.9129054,9/6/2017 17:10,9/6/2017 17:50,40
743,85-S,3,407373,400209,3.5244546,9/6/2017 18:15,9/6/2017 18:30,15
744,85-S,5,407352,407364,3.4761744,12/6/2017 14:55,12/6/2017 16:05,70
745,85-S,22,407373,400637,22.9009082,12/6/2017 15:30,12/6/2017 18:45,195
746,85-S,10,400869,407364,7.2098432,12/6/2017 16:25,12/6/2017 18:45,140
747,85-S,16,400209,400059,17.9280476,13/6/2017 15:10,13/6/2017 19:20,250
748,85-S,5,407352,407364,3.4761744,13/6/2017 15:25,13/6/2017 15:35,10
749,85-S,10,400869,407364,7.2098432,13/6/2017 17:15,13/6/2017 18:45,90
750,85-S,5,400792,400772,3.5244546,14/6/2017 14:35,14/6/2017 15:45,70
751,85-S,10,400869,407364,7.2098432,14/6/2017 14:50,14/6/2017 18:55,245
752,85-S,14,400828,400059,14.4518732,14/6/2017 15:45,14/6/2017 19:25,220
753,85-S,11,407359,407364,11.7964622,15/6/2017 14:35,15/6/2017 18:50,255
754,85-S,14,400828,400059,14.4518732,15/6/2017 14:45,15/6/2017 19:35,290
755,85-S,3,401495,400519,1.9633948,15/6/2017 15:50,15/6/2017 18:35,165
756,85-S,4,400828,400582,4.9567672,16/6/2017 14:35,16/6/2017 17:45,190
757,85-S,7,407348,407364,4.4095916,16/6/2017 14:50,16/6/2017 18:50,240
758,85-S,8,400907,400059,6.6304808,16/6/2017 15:35,16/6/2017 18:40,185
759,85-S,2,407360,407361,1.7863674,18/6/2017 12:55,18/6/2017 13:20,25
760,85-S,2,407360,407361,1.7863674,18/6/2017 13:35,18/6/2017 13:50,15
761,85-S,2,407360,407361,1.7863674,18/6/2017 14:10,18/6/2017 14:35,25
762,85-S,2,407360,407361,1.7863674,18/6/2017 14:50,18/6/2017 15:20,30
763,85-S,8,400828,400792,8.9962106,19/6/2017 15:15,19/6/2017 18:25,190
764,85-S,3,400017,400772,2.4461968,19/6/2017 15:20,19/6/2017 18:40,200
765,85-S,9,407374,407364,5.8258108,19/6/2017 16:50,19/6/2017 18:55,125
766,85-S,4,400828,400582,4.9567672,20/6/2017 15:15,20/6/2017 18:55,220
767,85-S,5,400792,400772,3.5244546,20/6/2017 15:15,20/6/2017 19:30,255
768,85-S,4,407360,407364,3.1221196,20/6/2017 15:20,20/6/2017 16:05,45
769,85-S,6,407359,407367,8.3202878,20/6/2017 16:35,20/6/2017 18:25,110
770,85-S,4,407360,407364,3.1221196,20/6/2017 17:35,20/6/2017 18:55,80
771,85-S,3,400017,400772,2.4461968,21/6/2017 14:45,21/6/2017 15:20,35
772,85-S,16,400209,400059,17.9280476,21/6/2017 15:05,21/6/2017 20:00,295
773,85-S,4,407360,407364,3.1221196,21/6/2017 16:05,21/6/2017 19:15,190
774,85-S,6,407359,407367,8.3202878,21/6/2017 16:30,21/6/2017 18:40,130
775,85-S,2,401495,400637,1.1426314,21/6/2017 18:10,21/6/2017 18:20,10
776,85-S,12,400209,400017,13.6311098,22/6/2017 14:55,22/6/2017 19:05,250
777,85-S,4,407360,407364,3.1221196,22/6/2017 15:05,22/6/2017 16:15,70
778,85-S,9,407374,407364,5.8258108,22/6/2017 17:05,22/6/2017 18:50,105
779,85-S,11,401224,400772,11.0722592,23/6/2017 14:20,23/6/2017 18:40,260
780,85-S,8,400528,407364,5.0211408,23/6/2017 14:30,23/6/2017 15:40,70
781,85-S,9,407374,407364,5.8258108,23/6/2017 16:30,23/6/2017 18:55,145
782,85-S,12,400828,400772,11.909116,26/6/2017 14:50,26/6/2017 19:00,250
783,85-S,3,407361,407364,2.3013562,26/6/2017 14:55,26/6/2017 15:10,15
784,85-S,3,407361,407364,2.3013562,26/6/2017 15:35,26/6/2017 15:55,20
785,85-S,10,400869,407364,7.2098432,26/6/2017 16:55,26/6/2017 18:55,120
786,85-S,15,407370,400772,16.3669878,27/6/2017 14:55,27/6/2017 19:25,270
787,85-S,2,402061,407364,1.3357522,27/6/2017 15:10,27/6/2017 15:30,20
788,85-S,11,407359,407364,11.7964622,27/6/2017 16:20,27/6/2017 18:50,150
789,85-S,5,400017,400059,4.988954,28/6/2017 14:30,28/6/2017 19:30,300
790,85-S,5,407352,407364,3.4761744,28/6/2017 14:50,28/6/2017 15:20,30
791,85-S,11,407370,400792,13.4540824,28/6/2017 15:25,28/6/2017 19:30,245
792,85-S,4,407348,407360,2.1082354,28/6/2017 15:30,28/6/2017 16:00,30
793,85-S,10,400869,407364,7.2098432,28/6/2017 16:40,28/6/2017 19:15,155
794,85-S,17,400828,401495,17.622273,29/6/2017 14:50,29/6/2017 19:15,265
795,85-S,3,407352,407361,2.1404222,29/6/2017 16:20,29/6/2017 17:05,45
796,85-S,11,407359,407364,11.7964622,29/6/2017 17:15,29/6/2017 19:30,135
797,85-S,5,400792,400772,3.5244546,30/6/2017 13:30,30/6/2017 18:35,305
798,85-S,5,407352,407364,3.4761744,30/6/2017 14:40,30/6/2017 15:50,70
799,85-S,5,400828,404444,6.8557884,30/6/2017 14:50,30/6/2017 17:30,160
800,85-S,9,407374,407364,5.8258108,30/6/2017 16:50,30/6/2017 19:00,130
801,87-N,4,401597,400664,2.494477,26/5/2017 7:30,26/5/2017 8:35,65
802,87-N,4,400654,400258,2.8485318,27/5/2017 13:45,27/5/2017 14:55,70
803,87-N,4,401597,400664,2.494477,30/5/2017 6:40,30/5/2017 7:20,40
804,87-N,5,401129,401567,2.092142,30/5/2017 7:10,30/5/2017 8:40,90
805,87-N,4,401597,400664,2.494477,30/5/2017 7:50,30/5/2017 9:15,85
806,87-N,5,400563,409524,4.1681906,30/5/2017 8:35,30/5/2017 9:30,55
807,87-N,4,401597,400664,2.494477,31/5/2017 6:40,31/5/2017 10:00,200
808,87-N,5,401129,401567,2.092142,31/5/2017 7:15,31/5/2017 9:00,105
809,87-N,2,402056,402059,1.6415268,31/5/2017 8:30,31/5/2017 9:05,35
810,87-N,3,401129,404451,1.207005,31/5/2017 11:45,31/5/2017 11:55,10
811,87-N,2,400178,401567,0.885137,31/5/2017 12:40,31/5/2017 13:05,25
812,87-N,5,401597,404453,3.1543064,31/5/2017 13:40,31/5/2017 14:25,45
813,87-N,4,401597,400664,2.494477,1/6/2017 6:40,1/6/2017 9:20,160
814,87-N,5,401129,401567,2.092142,1/6/2017 7:20,1/6/2017 8:55,95
815,87-N,2,409525,409526,1.8668344,1/6/2017 7:20,1/6/2017 7:50,30
816,87-N,3,409524,409526,3.1060262,1/6/2017 8:20,1/6/2017 8:55,35
817,87-N,3,400418,400664,2.0599552,1/6/2017 10:05,1/6/2017 10:25,20
818,87-N,2,400654,400664,1.4644994,1/6/2017 10:45,1/6/2017 11:00,15
819,87-N,5,400418,400258,3.4439876,1/6/2017 11:50,1/6/2017 12:10,20
820,87-N,4,400654,400258,2.8485318,1/6/2017 13:35,1/6/2017 13:50,15
821,87-N,4,401597,400664,2.494477,2/6/2017 6:35,2/6/2017 10:50,255
822,87-N,5,400280,404451,2.253076,4/6/2017 22:00,4/6/2017 22:45,45
823,87-N,6,401597,400258,3.8785094,5/6/2017 6:30,5/6/2017 10:15,225
824,87-N,5,401129,401567,2.092142,5/6/2017 7:15,5/6/2017 8:50,95
825,87-N,6,400563,409525,5.3751956,5/6/2017 8:10,5/6/2017 9:30,80
826,87-N,5,401129,401567,2.092142,6/6/2017 5:50,6/6/2017 9:05,195
827,87-N,4,401597,400664,2.494477,6/6/2017 6:45,6/6/2017 9:55,190
828,87-N,2,402056,402059,1.6415268,6/6/2017 8:40,6/6/2017 9:00,20
829,87-N,3,402059,409524,2.9129054,6/6/2017 9:10,6/6/2017 9:25,15
830,87-N,4,401597,400664,2.494477,7/6/2017 6:40,7/6/2017 10:00,200
831,87-N,2,400178,401567,0.885137,7/6/2017 7:25,7/6/2017 8:55,90
832,87-N,2,402056,402059,1.6415268,7/6/2017 7:45,7/6/2017 8:05,20
833,87-N,2,400654,400664,1.4644994,7/6/2017 10:45,7/6/2017 11:00,15
834,87-N,4,401597,400664,2.494477,8/6/2017 6:40,8/6/2017 8:55,135
835,87-N,2,400178,401567,0.885137,8/6/2017 7:35,8/6/2017 7:50,15
836,87-N,5,401597,404453,3.1543064,9/6/2017 6:40,9/6/2017 11:00,260
837,87-N,2,400178,401567,0.885137,9/6/2017 7:25,9/6/2017 8:30,65
838,87-N,4,401597,400664,2.494477,12/6/2017 6:45,12/6/2017 8:45,120
839,87-N,2,400280,405613,1.046071,12/6/2017 16:55,12/6/2017 17:15,20
840,87-N,4,401597,400664,2.494477,13/6/2017 6:30,13/6/2017 10:25,235
841,87-N,5,401129,401567,2.092142,13/6/2017 6:45,13/6/2017 8:55,130
842,87-N,2,409525,409526,1.8668344,13/6/2017 9:15,13/6/2017 9:35,20
843,87-N,4,401597,400664,2.494477,14/6/2017 6:40,14/6/2017 10:25,225
844,87-N,5,401129,401567,2.092142,14/6/2017 7:25,14/6/2017 8:45,80
845,87-N,3,409524,409526,3.1060262,14/6/2017 8:40,14/6/2017 8:55,15
846,87-N,4,401597,400664,2.494477,15/6/2017 6:45,15/6/2017 10:30,225
847,87-N,4,401957,401567,1.6415268,15/6/2017 7:35,15/6/2017 8:35,60
848,87-N,4,400916,402059,2.896812,15/6/2017 8:25,15/6/2017 9:20,55
849,87-N,4,401597,400664,2.494477,16/6/2017 6:40,16/6/2017 7:05,25
850,87-N,4,401597,400664,2.494477,16/6/2017 7:30,16/6/2017 10:35,185
851,87-N,4,400654,400258,2.8485318,16/6/2017 12:15,16/6/2017 12:55,40
852,87-N,4,400418,404453,2.7197846,16/6/2017 13:20,16/6/2017 14:00,40
853,87-N,4,401597,400664,2.494477,19/6/2017 6:40,19/6/2017 9:50,190
854,87-N,2,400178,401567,0.885137,19/6/2017 7:35,19/6/2017 8:55,80
855,87-N,4,401597,400664,2.494477,20/6/2017 6:30,20/6/2017 8:05,95
856,87-N,5,401129,401567,2.092142,20/6/2017 7:00,20/6/2017 9:15,135
857,87-N,4,401597,400664,2.494477,20/6/2017 8:20,20/6/2017 10:20,120
858,87-N,4,400418,404453,2.7197846,20/6/2017 17:55,20/6/2017 18:30,35
859,87-N,4,401597,400664,2.494477,21/6/2017 6:30,21/6/2017 10:15,225
860,87-N,5,401129,401567,2.092142,21/6/2017 6:55,21/6/2017 8:45,110
861,87-N,2,409525,409526,1.8668344,21/6/2017 8:35,21/6/2017 8:55,20
862,87-N,4,400654,400258,2.8485318,21/6/2017 12:00,21/6/2017 12:20,20
863,87-N,4,401597,400664,2.494477,22/6/2017 6:30,22/6/2017 11:00,270
864,87-N,5,401129,401567,2.092142,22/6/2017 7:25,22/6/2017 8:55,90
865,87-N,5,401597,404453,3.1543064,23/6/2017 6:35,23/6/2017 10:45,250
866,87-N,4,401597,400664,2.494477,26/6/2017 6:40,26/6/2017 9:55,195
867,87-N,5,400280,404451,2.253076,26/6/2017 14:55,26/6/2017 15:35,40
868,87-N,4,401597,400664,2.494477,27/6/2017 6:40,27/6/2017 9:15,155
869,87-N,2,400178,401567,0.885137,27/6/2017 7:30,27/6/2017 7:55,25
870,87-N,3,400563,402059,2.172609,27/6/2017 7:45,27/6/2017 8:20,35
871,87-N,4,401597,400664,2.494477,28/6/2017 6:35,28/6/2017 10:50,255
872,87-N,2,400178,401567,0.885137,28/6/2017 7:40,28/6/2017 7:50,10
873,87-N,4,401597,400664,2.494477,29/6/2017 6:35,29/6/2017 10:15,220
874,87-N,3,400418,400664,2.0599552,30/6/2017 7:45,30/6/2017 9:00,75
875,87-N,4,401597,400664,2.494477,30/6/2017 9:25,30/6/2017 10:50,85
876,87-N,5,401597,404453,3.1543064,30/6/2017 13:35,30/6/2017 13:55,20
877,87-S,2,400236,400065,1.689807,25/5/2017 17:50,25/5/2017 18:30,40
878,87-S,2,402058,402057,1.207005,26/5/2017 21:10,26/5/2017 21:35,25
879,87-S,4,400040,405619,2.0599552,30/5/2017 13:30,30/5/2017 13:55,25
880,87-S,7,402117,404461,5.9706514,30/5/2017 16:55,30/5/2017 18:20,85
881,87-S,10,401816,404461,8.8191832,31/5/2017 17:05,31/5/2017 19:05,120
882,87-S,9,409529,404461,8.1593538,1/6/2017 17:00,1/6/2017 18:45,105
883,87-S,2,400236,400065,1.689807,2/6/2017 17:05,2/6/2017 17:55,50
884,87-S,6,409528,400065,6.115492,5/6/2017 16:40,5/6/2017 18:50,130
885,87-S,9,409528,400837,8.4168482,6/6/2017 16:10,6/6/2017 19:10,180
886,87-S,8,409528,404461,7.4995244,7/6/2017 16:15,7/6/2017 18:45,150
887,87-S,2,409528,402117,3.21868,8/6/2017 17:20,8/6/2017 18:20,60
888,87-S,2,400236,400065,1.689807,8/6/2017 17:25,8/6/2017 18:15,50
889,87-S,3,404462,401154,1.2391918,11/6/2017 12:50,11/6/2017 13:45,55
890,87-S,7,409529,400065,6.7753214,12/6/2017 16:55,12/6/2017 18:30,95
891,87-S,8,409528,404461,7.4995244,13/6/2017 17:20,13/6/2017 18:55,95
892,87-S,2,400236,400065,1.689807,14/6/2017 16:35,14/6/2017 16:45,10
893,87-S,10,409528,400040,9.1249578,14/6/2017 17:05,14/6/2017 18:40,95
894,87-S,6,400236,400040,4.6992728,15/6/2017 17:10,15/6/2017 18:30,80
895,87-S,2,402117,402058,2.1887024,15/6/2017 17:30,15/6/2017 17:45,15
896,87-S,3,400040,401606,1.5771532,16/6/2017 9:15,16/6/2017 9:30,15
897,87-S,6,400995,401606,3.8785094,16/6/2017 14:25,16/6/2017 14:40,15
898,87-S,6,409528,400065,6.115492,19/6/2017 16:25,19/6/2017 18:50,145
899,87-S,3,409528,402058,3.7175754,20/6/2017 16:40,20/6/2017 18:50,130
900,87-S,3,400236,400995,2.41401,20/6/2017 17:10,20/6/2017 17:20,10
901,87-S,4,400236,404461,3.0738394,20/6/2017 17:50,20/6/2017 18:40,50
902,87-S,8,409528,404461,7.4995244,21/6/2017 16:55,21/6/2017 18:45,110
903,87-S,4,400236,404461,3.0738394,22/6/2017 16:45,22/6/2017 16:55,10
904,87-S,2,409528,402117,3.21868,22/6/2017 17:10,22/6/2017 18:40,90
905,87-S,8,400236,401606,5.5683164,22/6/2017 17:15,22/6/2017 18:00,45
906,87-S,2,400257,401606,0.8690436,23/6/2017 17:40,23/6/2017 18:10,30
907,87-S,12,409528,401606,9.9940014,26/6/2017 16:25,26/6/2017 18:45,140
908,87-S,2,409528,402117,3.21868,27/6/2017 16:15,27/6/2017 16:50,35
909,87-S,3,409528,402058,3.7175754,27/6/2017 17:05,27/6/2017 18:35,90
910,87-S,4,400236,404461,3.0738394,27/6/2017 17:20,27/6/2017 18:25,65
911,87-S,2,401816,409529,1.3196588,28/6/2017 15:30,28/6/2017 15:50,20
912,87-S,8,409528,404461,7.4995244,28/6/2017 16:05,28/6/2017 18:50,165
913,87-S,2,409528,402117,3.21868,29/6/2017 16:25,29/6/2017 18:30,125
914,87-S,5,400236,400837,3.9911632,29/6/2017 16:45,29/6/2017 18:15,90
915,87-S,3,400040,401606,1.5771532,30/6/2017 14:10,30/6/2017 14:20,10
916,87-S,2,409528,402117,3.21868,30/6/2017 17:15,30/6/2017 17:30,15
917,880-N,2,400045,400122,0.9495106,30/5/2017 7:55,30/5/2017 8:20,25
918,880-N,3,408907,400057,2.7197846,30/5/2017 8:00,30/5/2017 9:20,80
919,880-N,2,400045,400122,0.9495106,30/5/2017 8:40,30/5/2017 9:25,45
920,880-N,2,400045,400122,0.9495106,30/5/2017 9:40,30/5/2017 9:50,10
921,880-N,2,400045,400122,0.9495106,31/5/2017 7:50,31/5/2017 10:25,155
922,880-N,3,408907,400057,2.7197846,31/5/2017 8:00,31/5/2017 9:15,75
923,880-N,2,400045,400122,0.9495106,1/6/2017 8:05,1/6/2017 9:15,70
924,880-N,2,400951,400057,2.0277684,1/6/2017 8:45,1/6/2017 9:15,30
925,880-N,2,400045,400122,0.9495106,1/6/2017 9:40,1/6/2017 9:55,15
926,880-N,2,401464,401489,0.7081096,1/6/2017 17:25,1/6/2017 17:45,20
927,880-N,2,400045,400122,0.9495106,2/6/2017 8:40,2/6/2017 9:35,55
928,880-N,3,400045,401541,1.4323126,5/6/2017 8:25,5/6/2017 9:35,70
929,880-N,3,408907,400057,2.7197846,6/6/2017 7:55,6/6/2017 8:25,30
930,880-N,4,400343,400122,3.2025866,6/6/2017 8:00,6/6/2017 10:00,120
931,880-N,3,408907,400057,2.7197846,6/6/2017 8:40,6/6/2017 9:35,55
932,880-N,3,401560,400122,2.011675,7/6/2017 8:10,7/6/2017 10:45,155
933,880-N,3,408907,400057,2.7197846,7/6/2017 8:25,7/6/2017 10:05,100
934,880-N,2,401464,401489,0.7081096,7/6/2017 17:25,7/6/2017 17:45,20
935,880-N,2,400951,400057,2.0277684,7/6/2017 17:30,7/6/2017 18:15,45
936,880-N,2,400951,400057,2.0277684,8/6/2017 7:55,8/6/2017 8:05,10
937,880-N,3,400045,401541,1.4323126,8/6/2017 8:35,8/6/2017 9:10,35
938,880-N,2,401464,401489,0.7081096,8/6/2017 17:30,8/6/2017 18:05,35
939,880-N,2,400045,400122,0.9495106,9/6/2017 8:25,9/6/2017 9:25,60
940,880-N,2,400045,400122,0.9495106,9/6/2017 9:45,9/6/2017 10:00,15
941,880-N,3,413026,401489,1.046071,9/6/2017 16:25,9/6/2017 16:55,30
942,880-N,2,401464,401489,0.7081096,9/6/2017 17:15,9/6/2017 17:40,25
943,880-N,2,400951,400057,2.0277684,10/6/2017 14:55,10/6/2017 15:20,25
944,880-N,2,400045,400122,0.9495106,13/6/2017 8:00,13/6/2017 9:10,70
945,880-N,2,400045,400122,0.9495106,14/6/2017 8:10,14/6/2017 8:20,10
946,880-N,2,400045,400122,0.9495106,14/6/2017 8:35,14/6/2017 9:25,50
947,880-N,2,400045,400122,0.9495106,14/6/2017 9:40,14/6/2017 9:55,15
948,880-N,2,400045,400122,0.9495106,15/6/2017 8:00,15/6/2017 9:00,60
949,880-N,3,408907,400057,2.7197846,15/6/2017 8:45,15/6/2017 9:55,70
950,880-N,3,401560,400122,2.011675,15/6/2017 9:25,15/6/2017 10:10,45
951,880-N,2,401464,401489,0.7081096,15/6/2017 14:35,15/6/2017 14:50,15
952,880-N,2,400045,400122,0.9495106,16/6/2017 9:25,16/6/2017 10:00,35
953,880-N,3,400045,401541,1.4323126,17/6/2017 20:30,17/6/2017 21:15,45
954,880-N,2,400045,400122,0.9495106,19/6/2017 8:35,19/6/2017 9:20,45
955,880-N,2,400045,400122,0.9495106,19/6/2017 9:50,19/6/2017 10:00,10
956,880-N,2,400057,400147,2.3174496,19/6/2017 17:35,19/6/2017 18:05,30
957,880-N,3,401560,400122,2.011675,20/6/2017 8:20,20/6/2017 9:55,95
958,880-N,2,400057,400147,2.3174496,20/6/2017 16:30,20/6/2017 18:30,120
959,880-N,2,408907,400951,1.5127796,21/6/2017 8:00,21/6/2017 8:10,10
960,880-N,2,400045,400122,0.9495106,21/6/2017 8:20,21/6/2017 9:35,75
961,880-N,2,400057,400147,2.3174496,21/6/2017 17:20,21/6/2017 17:55,35
962,880-N,2,400045,400122,0.9495106,22/6/2017 8:30,22/6/2017 9:00,30
963,880-N,2,400045,400122,0.9495106,22/6/2017 9:50,22/6/2017 10:05,15
964,880-N,3,400057,400343,3.5083612,22/6/2017 16:55,22/6/2017 18:40,105
965,880-N,2,400045,400122,0.9495106,23/6/2017 9:35,23/6/2017 10:00,25
966,880-N,2,400951,400057,2.0277684,23/6/2017 9:55,23/6/2017 10:10,15
967,880-N,2,400045,400122,0.9495106,23/6/2017 10:15,23/6/2017 10:25,10
968,880-N,2,400057,400147,2.3174496,23/6/2017 17:25,23/6/2017 17:55,30
969,880-N,2,400057,400147,2.3174496,26/6/2017 17:35,26/6/2017 17:50,15
970,880-N,2,400057,400147,2.3174496,27/6/2017 16:50,27/6/2017 17:05,15
971,880-N,2,400057,400147,2.3174496,27/6/2017 17:25,27/6/2017 18:10,45
972,880-N,2,400951,400057,2.0277684,28/6/2017 10:05,28/6/2017 10:20,15
973,880-N,2,400057,400147,2.3174496,28/6/2017 17:20,28/6/2017 18:10,50
974,880-N,2,400057,400147,2.3174496,29/6/2017 17:00,29/6/2017 18:25,85
975,880-N,2,408907,400951,1.5127796,30/6/2017 9:35,30/6/2017 10:20,45
976,880-N,2,400057,400147,2.3174496,30/6/2017 17:25,30/6/2017 17:35,10
977,880-S,5,402119,402120,3.942883,25/5/2017 17:50,25/5/2017 18:45,55
978,880-S,3,402282,400971,1.7380872,25/5/2017 17:50,25/5/2017 19:05,75
979,880-S,3,403225,400508,1.2391918,25/5/2017 17:50,25/5/2017 18:00,10
980,880-S,5,403225,400709,2.3979166,25/5/2017 19:20,25/5/2017 19:30,10
981,880-S,6,401440,400709,3.1221196,26/5/2017 8:55,26/5/2017 9:20,25
982,880-S,6,401440,400709,3.1221196,26/5/2017 10:50,26/5/2017 13:00,130
983,880-S,2,402121,400971,1.1104446,26/5/2017 11:50,26/5/2017 12:25,35
984,880-S,3,402282,400971,1.7380872,26/5/2017 13:40,26/5/2017 14:30,50
985,880-S,3,402282,400971,1.7380872,26/5/2017 14:40,26/5/2017 18:45,245
986,880-S,3,400514,408911,2.0760486,30/5/2017 10:15,30/5/2017 10:30,15
987,880-S,2,400479,400030,0.80467,30/5/2017 10:55,30/5/2017 11:50,55
988,880-S,2,402121,400971,1.1104446,30/5/2017 11:20,30/5/2017 11:30,10
989,880-S,3,402282,400971,1.7380872,30/5/2017 14:50,30/5/2017 15:05,15
990,880-S,3,402282,400971,1.7380872,30/5/2017 15:55,30/5/2017 17:10,75
991,880-S,4,403225,400253,1.7380872,30/5/2017 16:40,30/5/2017 16:50,10
992,880-S,5,403225,400709,2.3979166,30/5/2017 17:05,30/5/2017 18:30,85
993,880-S,3,402282,400971,1.7380872,30/5/2017 17:25,30/5/2017 18:10,45
994,880-S,2,400479,400030,0.80467,31/5/2017 7:40,31/5/2017 8:25,45
995,880-S,2,400479,400030,0.80467,31/5/2017 10:55,31/5/2017 11:45,50
996,880-S,3,402282,400971,1.7380872,31/5/2017 15:10,31/5/2017 19:35,265
997,880-S,7,400030,400709,3.5244546,31/5/2017 16:15,31/5/2017 19:30,195
998,880-S,5,402119,402120,3.942883,31/5/2017 17:05,31/5/2017 18:55,110
999,880-S,2,400479,400030,0.80467,1/6/2017 7:35,1/6/2017 8:25,50
1000,880-S,2,400479,400030,0.80467,1/6/2017 12:15,1/6/2017 13:20,65
1001,880-S,3,402282,400971,1.7380872,1/6/2017 14:55,1/6/2017 15:15,20
1002,880-S,5,402119,402120,3.942883,1/6/2017 16:00,1/6/2017 17:30,90
1003,880-S,3,402282,400971,1.7380872,1/6/2017 16:25,1/6/2017 18:40,135
1004,880-S,9,400479,400514,4.4900586,1/6/2017 17:05,1/6/2017 18:45,100
1005,880-S,2,400479,400030,0.80467,2/6/2017 7:40,2/6/2017 8:25,45
1006,880-S,2,400479,400030,0.80467,2/6/2017 12:45,2/6/2017 13:35,50
1007,880-S,3,402282,400971,1.7380872,2/6/2017 13:40,2/6/2017 18:30,290
1008,880-S,6,403225,400514,2.9611856,2/6/2017 17:30,2/6/2017 18:00,30
1009,880-S,2,400479,400030,0.80467,5/6/2017 7:35,5/6/2017 8:20,45
1010,880-S,3,402282,400971,1.7380872,5/6/2017 15:25,5/6/2017 18:20,175
1011,880-S,3,400238,402120,2.3818232,5/6/2017 17:10,5/6/2017 17:40,30
1012,880-S,8,400479,400709,3.9267896,5/6/2017 17:20,5/6/2017 18:55,95
1013,880-S,2,400479,400030,0.80467,6/6/2017 7:40,6/6/2017 8:40,60
1014,880-S,2,400479,400030,0.80467,6/6/2017 9:25,6/6/2017 9:35,10
1015,880-S,3,402282,400971,1.7380872,6/6/2017 15:50,6/6/2017 17:10,80
1016,880-S,3,402119,400238,2.333543,6/6/2017 17:15,6/6/2017 17:50,35
1017,880-S,3,402282,400971,1.7380872,6/6/2017 17:25,6/6/2017 18:30,65
1018,880-S,8,400479,400709,3.9267896,6/6/2017 17:25,6/6/2017 19:00,95
1019,880-S,2,400479,400030,0.80467,7/6/2017 7:30,7/6/2017 8:35,65
1020,880-S,3,402282,400971,1.7380872,7/6/2017 14:30,7/6/2017 18:45,255
1021,880-S,5,402119,402120,3.942883,7/6/2017 16:45,7/6/2017 18:25,100
1022,880-S,6,401440,400709,3.1221196,7/6/2017 17:20,7/6/2017 18:35,75
1023,880-S,2,400479,400030,0.80467,8/6/2017 7:40,8/6/2017 8:15,35
1024,880-S,3,402282,400971,1.7380872,8/6/2017 16:10,8/6/2017 18:25,135
1025,880-S,8,401440,400723,4.2808444,8/6/2017 17:20,8/6/2017 18:10,50
1026,880-S,5,400508,400723,2.816345,8/6/2017 18:40,8/6/2017 19:00,20
1027,880-S,2,400479,400030,0.80467,9/6/2017 7:55,9/6/2017 8:25,30
1028,880-S,10,402282,400508,4.8763002,9/6/2017 15:05,9/6/2017 18:10,185
1029,880-S,5,402119,402120,3.942883,9/6/2017 17:05,9/6/2017 17:55,50
1030,880-S,2,400479,400030,0.80467,10/6/2017 13:10,10/6/2017 13:30,20
1031,880-S,3,402282,400971,1.7380872,12/6/2017 15:10,12/6/2017 18:25,195
1032,880-S,9,400479,400514,4.4900586,12/6/2017 17:00,12/6/2017 18:25,85
1033,880-S,2,402287,402120,1.60934,12/6/2017 17:25,12/6/2017 17:35,10
1034,880-S,2,400479,400030,0.80467,13/6/2017 7:45,13/6/2017 9:20,95
1035,880-S,2,400479,400030,0.80467,13/6/2017 9:45,13/6/2017 10:00,15
1036,880-S,3,402282,400971,1.7380872,13/6/2017 15:15,13/6/2017 18:35,200
1037,880-S,3,400238,402120,2.3818232,13/6/2017 17:00,13/6/2017 18:05,65
1038,880-S,5,403225,400709,2.3979166,13/6/2017 17:20,13/6/2017 18:50,90
1039,880-S,2,400479,400030,0.80467,14/6/2017 7:40,14/6/2017 9:10,90
1040,880-S,3,400514,408911,2.0760486,14/6/2017 12:35,14/6/2017 12:55,20
1041,880-S,3,402282,400971,1.7380872,14/6/2017 14:50,14/6/2017 18:40,230
1042,880-S,6,401440,400709,3.1221196,14/6/2017 17:10,14/6/2017 18:15,65
1043,880-S,2,402287,402120,1.60934,14/6/2017 17:40,14/6/2017 17:50,10
1044,880-S,2,400479,400030,0.80467,15/6/2017 7:45,15/6/2017 8:45,60
1045,880-S,3,402119,400238,2.333543,15/6/2017 9:20,15/6/2017 10:10,50
1046,880-S,2,400479,400030,0.80467,15/6/2017 10:45,15/6/2017 11:05,20
1047,880-S,3,402282,400971,1.7380872,15/6/2017 13:45,15/6/2017 19:25,340
1048,880-S,5,402119,402120,3.942883,15/6/2017 14:55,15/6/2017 19:00,245
1049,880-S,5,403225,400709,2.3979166,15/6/2017 17:20,15/6/2017 19:35,135
1050,880-S,3,402282,400971,1.7380872,16/6/2017 11:35,16/6/2017 12:25,50
1051,880-S,3,402282,400971,1.7380872,16/6/2017 14:15,16/6/2017 18:05,230
1052,880-S,3,403225,400508,1.2391918,16/6/2017 18:30,16/6/2017 18:55,25
1053,880-S,2,402121,400971,1.1104446,17/6/2017 15:40,17/6/2017 15:50,10
1054,880-S,2,400479,400030,0.80467,19/6/2017 8:25,19/6/2017 9:25,60
1055,880-S,5,400253,408911,3.2347734,19/6/2017 10:10,19/6/2017 10:45,35
1056,880-S,3,402282,400971,1.7380872,19/6/2017 14:55,19/6/2017 15:30,35
1057,880-S,3,402282,400971,1.7380872,19/6/2017 16:05,19/6/2017 18:40,155
1058,880-S,5,403225,400709,2.3979166,19/6/2017 17:25,19/6/2017 18:25,60
1059,880-S,2,400479,400030,0.80467,20/6/2017 8:10,20/6/2017 10:40,150
1060,880-S,3,402282,400971,1.7380872,20/6/2017 15:00,20/6/2017 18:50,230
1061,880-S,5,402119,402120,3.942883,20/6/2017 17:00,20/6/2017 18:25,85
1062,880-S,3,400508,400709,1.6576202,20/6/2017 17:50,20/6/2017 18:00,10
1063,880-S,2,403265,400508,0.6598294,20/6/2017 18:55,20/6/2017 19:05,10
1064,880-S,2,400479,400030,0.80467,21/6/2017 7:25,21/6/2017 9:15,110
1065,880-S,3,402282,400971,1.7380872,21/6/2017 14:50,21/6/2017 15:20,30
1066,880-S,3,402282,400971,1.7380872,21/6/2017 16:15,21/6/2017 19:05,170
1067,880-S,5,402119,402120,3.942883,21/6/2017 16:55,21/6/2017 19:15,140
1068,880-S,5,403225,400709,2.3979166,21/6/2017 17:40,21/6/2017 18:00,20
1069,880-S,5,403225,400709,2.3979166,21/6/2017 19:00,21/6/2017 19:25,25
1070,880-S,2,400479,400030,0.80467,22/6/2017 7:40,22/6/2017 9:45,125
1071,880-S,3,402282,400971,1.7380872,22/6/2017 15:00,22/6/2017 18:40,220
1072,880-S,2,402287,402120,1.60934,22/6/2017 17:05,22/6/2017 17:30,25
1073,880-S,9,400479,400514,4.4900586,22/6/2017 17:15,22/6/2017 18:00,45
1074,880-S,3,402282,400971,1.7380872,23/6/2017 12:05,23/6/2017 12:25,20
1075,880-S,2,400479,400030,0.80467,23/6/2017 13:00,23/6/2017 13:15,15
1076,880-S,3,402282,400971,1.7380872,23/6/2017 14:40,23/6/2017 15:40,60
1077,880-S,5,402119,402120,3.942883,23/6/2017 15:55,23/6/2017 17:30,95
1078,880-S,3,402282,400971,1.7380872,23/6/2017 16:25,23/6/2017 18:05,100
1079,880-S,5,403225,400709,2.3979166,23/6/2017 17:30,23/6/2017 18:15,45
1080,880-S,3,402282,400971,1.7380872,26/6/2017 14:50,26/6/2017 19:05,255
1081,880-S,8,400479,400709,3.9267896,26/6/2017 17:10,26/6/2017 18:20,70
1082,880-S,2,400479,400030,0.80467,27/6/2017 7:45,27/6/2017 9:25,100
1083,880-S,2,400479,400030,0.80467,27/6/2017 12:00,27/6/2017 12:25,25
1084,880-S,3,402282,400971,1.7380872,27/6/2017 15:05,27/6/2017 18:55,230
1085,880-S,3,400238,402120,2.3818232,27/6/2017 16:40,27/6/2017 17:50,70
1086,880-S,5,403225,400709,2.3979166,27/6/2017 17:05,27/6/2017 17:50,45
1087,880-S,2,400479,400030,0.80467,28/6/2017 8:40,28/6/2017 8:55,15
1088,880-S,7,400479,400253,3.2669602,28/6/2017 11:20,28/6/2017 12:10,50
1089,880-S,3,402282,400971,1.7380872,28/6/2017 11:55,28/6/2017 12:25,30
1090,880-S,2,402121,400971,1.1104446,28/6/2017 14:15,28/6/2017 14:25,10
1091,880-S,9,402119,400971,6.517827,28/6/2017 15:10,28/6/2017 18:55,225
1092,880-S,5,403225,400709,2.3979166,28/6/2017 17:25,28/6/2017 18:10,45
1093,880-S,3,400514,408911,2.0760486,29/6/2017 9:15,29/6/2017 10:00,45
1094,880-S,2,400479,400030,0.80467,29/6/2017 9:55,29/6/2017 10:40,45
1095,880-S,3,402282,400971,1.7380872,29/6/2017 15:10,29/6/2017 15:35,25
1096,880-S,3,402282,400971,1.7380872,29/6/2017 15:50,29/6/2017 19:00,190
1097,880-S,3,400238,402120,2.3818232,29/6/2017 16:25,29/6/2017 16:50,25
1098,880-S,3,400238,402120,2.3818232,29/6/2017 17:10,29/6/2017 17:45,35
1099,880-S,6,401440,400709,3.1221196,29/6/2017 17:40,29/6/2017 18:40,60
1100,880-S,3,402282,400971,1.7380872,30/6/2017 12:15,30/6/2017 13:00,45
1101,880-S,3,402282,400971,1.7380872,30/6/2017 14:40,30/6/2017 18:20,220
